SiteId,Month,average_temperature
2,2013-01,19.8990625
2,2013-02,19.80264672036824
2,2013-03,19.36294416243655
2,2013-04,17.364994775339603
2,2013-05,13.89990234375
2,2013-06,12.174669379450663
2,2013-07,11.18313492063492
2,2013-08,12.50439121756487
2,2013-09,13.403461296412837
2,2013-10,14.881902017291065
2,2013-11,17.075417661097852
2,2013-12,18.418869013271784
2,2014-01,18.78124639353722
2,2014-02,19.962148337595906
2,2014-03,17.988184438040346
2,2014-04,17.506773618538325
2,2014-05,13.840854010386613
2,2014-06,13.154751942618052
2,2014-07,10.983542788749252
2,2014-08,11.60546737213404
2,2014-09,13.24576372315036
2,2014-10,14.346902142443543
2,2014-11,15.317797619047619
2,2014-12,17.984139941690962
2,2015-01,20.649048991354466
2,2015-02,19.82436224489796
2,2015-03,19.430685089234313
2,2015-04,16.772195704057278
2,2015-05,13.855230125523011
2,2015-06,12.297559523809525
2,2015-07,10.622837370242214
2,2015-08,11.31544289044289
2,2015-09,12.454692169754932
2,2015-10,14.424841498559077
2,2015-11,15.858672248803828
2,2015-12,17.91863425925926
2,2016-01,20.525678015002885
2,2016-02,21.563023110555903
2,2016-03,19.81026837806301
2,2016-04,17.087387387387388
2,2016-05,16.075188405797103
2,2016-06,12.745892857142856
2,2016-07,11.652359033371692
2,2016-08,11.373993095512082
2,2016-09,13.462537224538416
2,2016-10,14.758640552995391
2,2016-11,16.029455445544553
2,2016-12,17.61
2,2017-01,18.732857142857142
2,2017-02,20.085586734693877
2,2017-03,19.31521613832853
2,2017-04,17.355833333333333
2,2017-05,13.696133871898443
2,2017-06,12.110883944678292
2,2017-07,11.127665706051873
2,2017-08,12.441841491841492
2,2017-09,13.468102932375823
2,2017-10,14.982342758222735
2,2017-11,16.68779035139964
2,2017-12,20.107705882352942
3,2013-01,19.8990625
3,2013-02,19.80264672036824
3,2013-03,19.36294416243655
3,2013-04,17.364994775339603
3,2013-05,13.89990234375
3,2013-06,12.174669379450663
3,2013-07,11.18313492063492
3,2013-08,12.50439121756487
3,2013-09,13.403461296412837
3,2013-10,14.881902017291065
3,2013-11,17.075417661097852
3,2013-12,18.418869013271784
3,2014-01,18.78124639353722
3,2014-02,19.962148337595906
3,2014-03,17.988184438040346
3,2014-04,17.506773618538325
3,2014-05,13.840854010386613
3,2014-06,13.154751942618052
3,2014-07,10.983542788749252
3,2014-08,11.60546737213404
3,2014-09,13.24576372315036
3,2014-10,14.346902142443543
3,2014-11,15.317797619047619
3,2014-12,17.984139941690962
3,2015-01,20.649048991354466
3,2015-02,19.82436224489796
3,2015-03,19.430685089234313
3,2015-04,16.772195704057278
3,2015-05,13.855230125523011
3,2015-06,12.297559523809525
3,2015-07,10.622837370242214
3,2015-08,11.31544289044289
3,2015-09,12.454692169754932
3,2015-10,14.424841498559077
3,2015-11,15.858672248803828
3,2015-12,17.91863425925926
3,2016-01,20.525678015002885
3,2016-02,21.563023110555903
3,2016-03,19.81026837806301
3,2016-04,17.087387387387388
3,2016-05,16.075188405797103
3,2016-06,12.745892857142856
3,2016-07,11.652359033371692
3,2016-08,11.373993095512082
3,2016-09,13.462537224538416
3,2016-10,14.758640552995391
3,2016-11,16.029455445544553
3,2016-12,17.61
3,2017-01,18.732857142857142
3,2017-02,20.085586734693877
3,2017-03,19.31521613832853
3,2017-04,17.355833333333333
3,2017-05,13.696133871898443
3,2017-06,12.110883944678292
3,2017-07,11.127665706051873
3,2017-08,12.441841491841492
3,2017-09,13.468102932375823
3,2017-10,14.982342758222735
3,2017-11,16.68779035139964
3,2017-12,20.107705882352942
4,2013-01,17.459414225941423
4,2013-02,16.084536082474227
4,2013-03,15.529918864097363
4,2013-04,12.176507276507277
4,2013-05,8.974507874015748
4,2013-06,6.506002034587995
4,2013-07,7.381175298804781
4,2013-08,8.9333
4,2013-09,9.261601513240857
4,2013-10,12.100980957876514
4,2013-11,13.667045454545454
4,2013-12,15.937167630057804
4,2014-01,15.868869565217391
4,2014-02,16.198976327575178
4,2014-03,13.696422388920947
4,2014-04,12.244345238095239
4,2014-05,9.409322524609149
4,2014-06,7.530755395683453
4,2014-07,6.611337732453509
4,2014-08,6.910718492343934
4,2014-09,8.802032277346084
4,2014-10,11.041642228739002
4,2014-11,13.459499702203694
4,2014-12,15.122605140186916
4,2015-01,17.759237875288683
4,2015-02,15.922671804752728
4,2015-03,15.26048526863085
4,2015-04,12.772062350119903
4,2015-05,9.414147521160823
4,2015-06,6.55
4,2015-07,6.010803004043906
4,2015-08,6.6272303206997085
4,2015-09,8.13377245508982
4,2015-10,11.952497096399537
4,2015-11,13.301617735170762
4,2015-12,14.927858386535114
4,2016-01,15.967570686670513
4,2016-02,18.907658505963592
4,2016-03,15.287236533957845
4,2016-04,12.010755287009063
4,2016-05,11.781156069364163
4,2016-06,7.952033492822966
4,2016-07,6.499073537927041
4,2016-08,6.2261822376009235
4,2016-09,10.040453460620524
4,2016-10,11.74324480369515
4,2016-11,13.545910780669145
4,2016-12,15.348587896253601
4,2017-01,16.539868499701136
4,2017-02,16.616005121638924
4,2017-03,14.296416184971099
4,2017-04,12.151071428571429
4,2017-05,8.146939953810623
4,2017-06,6.497471402769415
4,2017-07,5.682190201729107
4,2017-08,8.162113251605371
4,2017-09,10.361625821876867
4,2017-10,11.740161569532603
4,2017-11,14.193087008343266
4,2017-12,17.550620200826934
5,2013-01,19.8990625
5,2013-02,19.80264672036824
5,2013-03,19.36294416243655
5,2013-04,17.364994775339603
5,2013-05,13.89990234375
5,2013-06,12.174669379450663
5,2013-07,11.18313492063492
5,2013-08,12.50439121756487
5,2013-09,13.403461296412837
5,2013-10,14.881902017291065
5,2013-11,17.075417661097852
5,2013-12,18.418869013271784
5,2014-01,18.78124639353722
5,2014-02,19.962148337595906
5,2014-03,17.988184438040346
5,2014-04,17.506773618538325
5,2014-05,13.840854010386613
5,2014-06,13.154751942618052
5,2014-07,10.983542788749252
5,2014-08,11.60546737213404
5,2014-09,13.24576372315036
5,2014-10,14.346902142443543
5,2014-11,15.317797619047619
5,2014-12,17.984139941690962
5,2015-01,20.649048991354466
5,2015-02,19.82436224489796
5,2015-03,19.430685089234313
5,2015-04,16.772195704057278
5,2015-05,13.855230125523011
5,2015-06,12.297559523809525
5,2015-07,10.622837370242214
5,2015-08,11.31544289044289
5,2015-09,12.454692169754932
5,2015-10,14.424841498559077
5,2015-11,15.858672248803828
5,2015-12,17.91863425925926
5,2016-01,20.525678015002885
5,2016-02,21.563023110555903
5,2016-03,19.81026837806301
5,2016-04,17.087387387387388
5,2016-05,16.075188405797103
5,2016-06,12.745892857142856
5,2016-07,11.652359033371692
5,2016-08,11.373993095512082
5,2016-09,13.462537224538416
5,2016-10,14.758640552995391
5,2016-11,16.029455445544553
5,2016-12,17.61
5,2017-01,18.732857142857142
5,2017-02,20.085586734693877
5,2017-03,19.31521613832853
5,2017-04,17.355833333333333
5,2017-05,13.696133871898443
5,2017-06,12.110883944678292
5,2017-07,11.127665706051873
5,2017-08,12.441841491841492
5,2017-09,13.468102932375823
5,2017-10,14.982342758222735
5,2017-11,16.68779035139964
5,2017-12,20.107705882352942
6,2013-01,19.8990625
6,2013-02,19.80264672036824
6,2013-03,19.36294416243655
6,2013-04,17.364994775339603
6,2013-05,13.89990234375
6,2013-06,12.174669379450663
6,2013-07,11.18313492063492
6,2013-08,12.50439121756487
6,2013-09,13.403461296412837
6,2013-10,14.881902017291065
6,2013-11,17.075417661097852
6,2013-12,18.418869013271784
6,2014-01,18.78124639353722
6,2014-02,19.962148337595906
6,2014-03,17.988184438040346
6,2014-04,17.506773618538325
6,2014-05,13.840854010386613
6,2014-06,13.154751942618052
6,2014-07,10.983542788749252
6,2014-08,11.60546737213404
6,2014-09,13.24576372315036
6,2014-10,14.346902142443543
6,2014-11,15.317797619047619
6,2014-12,17.984139941690962
6,2015-01,20.649048991354466
6,2015-02,19.82436224489796
6,2015-03,19.430685089234313
6,2015-04,16.772195704057278
6,2015-05,13.855230125523011
6,2015-06,12.297559523809525
6,2015-07,10.622837370242214
6,2015-08,11.31544289044289
6,2015-09,12.454692169754932
6,2015-10,14.424841498559077
6,2015-11,15.858672248803828
6,2015-12,17.91863425925926
6,2016-01,20.525678015002885
6,2016-02,21.563023110555903
6,2016-03,19.81026837806301
6,2016-04,17.087387387387388
6,2016-05,16.075188405797103
6,2016-06,12.745892857142856
6,2016-07,11.652359033371692
6,2016-08,11.373993095512082
6,2016-09,13.462537224538416
6,2016-10,14.758640552995391
6,2016-11,16.029455445544553
6,2016-12,17.61
6,2017-01,18.732857142857142
6,2017-02,20.085586734693877
6,2017-03,19.31521613832853
6,2017-04,17.355833333333333
6,2017-05,13.696133871898443
6,2017-06,12.110883944678292
6,2017-07,11.127665706051873
6,2017-08,12.441841491841492
6,2017-09,13.468102932375823
6,2017-10,14.982342758222735
6,2017-11,16.68779035139964
6,2017-12,20.107705882352942
7,2015-01,20.683049853372435
7,2015-02,19.82436224489796
7,2015-03,19.430685089234313
7,2015-04,16.772195704057278
7,2015-05,13.855230125523011
7,2015-06,12.297559523809525
7,2015-07,10.622837370242214
7,2015-08,11.31544289044289
7,2015-09,12.454692169754932
7,2015-10,14.424841498559077
7,2015-11,15.858672248803828
7,2015-12,17.91863425925926
7,2016-01,20.525678015002885
7,2016-02,21.563023110555903
7,2016-03,19.81026837806301
7,2016-04,17.087387387387388
7,2016-05,16.075188405797103
7,2016-06,12.745892857142856
7,2016-07,11.652359033371692
7,2016-08,11.373993095512082
7,2016-09,13.462537224538416
7,2016-10,14.758640552995391
7,2016-11,16.029455445544553
7,2016-12,17.61
7,2017-01,18.732857142857142
7,2017-02,20.085586734693877
7,2017-03,19.31521613832853
7,2017-04,17.355833333333333
7,2017-05,13.696133871898443
7,2017-06,12.110883944678292
7,2017-07,11.127665706051873
7,2017-08,12.441841491841492
7,2017-09,13.468102932375823
7,2017-10,14.982342758222735
7,2017-11,16.68779035139964
7,2017-12,20.107705882352942
8,2013-01,17.459414225941423
8,2013-02,16.084536082474227
8,2013-03,15.529918864097363
8,2013-04,12.176507276507277
8,2013-05,8.974507874015748
8,2013-06,6.506002034587995
8,2013-07,7.381175298804781
8,2013-08,8.9333
8,2013-09,9.261601513240857
8,2013-10,12.100980957876514
8,2013-11,13.667045454545454
8,2013-12,15.937167630057804
8,2014-01,15.868869565217391
8,2014-02,16.198976327575178
8,2014-03,13.696422388920947
8,2014-04,12.244345238095239
8,2014-05,9.409322524609149
8,2014-06,7.530755395683453
8,2014-07,6.611337732453509
8,2014-08,6.910718492343934
8,2014-09,8.802032277346084
8,2014-10,11.041642228739002
8,2014-11,13.459499702203694
8,2014-12,15.122605140186916
8,2015-01,17.759237875288683
8,2015-02,15.922671804752728
8,2015-03,15.26048526863085
8,2015-04,12.772062350119903
8,2015-05,9.414147521160823
8,2015-06,6.55
8,2015-07,6.010803004043906
8,2015-08,6.6272303206997085
8,2015-09,8.13377245508982
8,2015-10,11.952497096399537
8,2015-11,13.301617735170762
8,2015-12,14.927858386535114
8,2016-01,15.967570686670513
8,2016-02,18.907658505963592
8,2016-03,15.287236533957845
8,2016-04,12.010755287009063
8,2016-05,11.781156069364163
8,2016-06,7.952033492822966
8,2016-07,6.499073537927041
8,2016-08,6.2261822376009235
8,2016-09,10.040453460620524
8,2016-10,11.74324480369515
8,2016-11,13.545910780669145
8,2016-12,15.348587896253601
8,2017-01,16.539868499701136
8,2017-02,16.616005121638924
8,2017-03,14.296416184971099
8,2017-04,12.151071428571429
8,2017-05,8.146939953810623
8,2017-06,6.497471402769415
8,2017-07,5.682190201729107
8,2017-08,8.162113251605371
8,2017-09,10.361625821876867
8,2017-10,11.740161569532603
8,2017-11,14.193087008343266
8,2017-12,17.550620200826934
9,2013-01,17.459414225941423
9,2013-02,16.084536082474227
9,2013-03,15.529918864097363
9,2013-04,12.176507276507277
9,2013-05,8.974507874015748
9,2013-06,6.506002034587995
9,2013-07,7.381175298804781
9,2013-08,8.9333
9,2013-09,9.261601513240857
9,2013-10,12.100980957876514
9,2013-11,13.667045454545454
9,2013-12,15.937167630057804
9,2014-01,15.868869565217391
9,2014-02,16.198976327575178
9,2014-03,13.696422388920947
9,2014-04,12.244345238095239
9,2014-05,9.409322524609149
9,2014-06,7.530755395683453
9,2014-07,6.611337732453509
9,2014-08,6.910718492343934
9,2014-09,8.802032277346084
9,2014-10,11.041642228739002
9,2014-11,13.459499702203694
9,2014-12,15.122605140186916
9,2015-01,17.759237875288683
9,2015-02,15.922671804752728
9,2015-03,15.26048526863085
9,2015-04,12.772062350119903
9,2015-05,9.414147521160823
9,2015-06,6.55
9,2015-07,6.010803004043906
9,2015-08,6.6272303206997085
9,2015-09,8.13377245508982
9,2015-10,11.952497096399537
9,2015-11,13.301617735170762
9,2015-12,14.927858386535114
9,2016-01,15.967570686670513
9,2016-02,18.907658505963592
9,2016-03,15.287236533957845
9,2016-04,12.010755287009063
9,2016-05,11.781156069364163
9,2016-06,7.952033492822966
9,2016-07,6.499073537927041
9,2016-08,6.2261822376009235
9,2016-09,10.040453460620524
9,2016-10,11.74324480369515
9,2016-11,13.545910780669145
9,2016-12,15.348587896253601
9,2017-01,23.66
10,2013-01,17.459414225941423
10,2013-02,16.084536082474227
10,2013-03,15.529918864097363
10,2013-04,12.176507276507277
10,2013-05,8.974507874015748
10,2013-06,6.506002034587995
10,2013-07,7.381175298804781
10,2013-08,8.9333
10,2013-09,9.261601513240857
10,2013-10,12.100980957876514
10,2013-11,13.667045454545454
10,2013-12,15.937167630057804
10,2014-01,15.868869565217391
10,2014-02,16.198976327575178
10,2014-03,13.696422388920947
10,2014-04,12.244345238095239
10,2014-05,9.409322524609149
10,2014-06,7.530755395683453
10,2014-07,6.611337732453509
10,2014-08,6.910718492343934
10,2014-09,8.802032277346084
10,2014-10,11.041642228739002
10,2014-11,13.459499702203694
10,2014-12,15.122605140186916
10,2015-01,17.759237875288683
10,2015-02,15.922671804752728
10,2015-03,15.26048526863085
10,2015-04,12.772062350119903
10,2015-05,9.414147521160823
10,2015-06,6.55
10,2015-07,6.010803004043906
10,2015-08,6.6272303206997085
10,2015-09,8.13377245508982
10,2015-10,11.952497096399537
10,2015-11,13.301617735170762
10,2015-12,14.927858386535114
10,2016-01,15.967570686670513
10,2016-02,18.907658505963592
10,2016-03,15.287236533957845
10,2016-04,12.010755287009063
10,2016-05,11.781156069364163
10,2016-06,7.952033492822966
10,2016-07,6.499073537927041
10,2016-08,6.2261822376009235
10,2016-09,10.040453460620524
10,2016-10,11.74324480369515
10,2016-11,13.545910780669145
10,2016-12,15.348587896253601
10,2017-01,16.539868499701136
10,2017-02,16.616005121638924
10,2017-03,14.296416184971099
10,2017-04,12.151071428571429
10,2017-05,8.146939953810623
10,2017-06,6.497471402769415
10,2017-07,5.682190201729107
10,2017-08,8.162113251605371
10,2017-09,10.361625821876867
10,2017-10,11.740161569532603
10,2017-11,14.193087008343266
10,2017-12,17.550620200826934
12,2015-12,6.785185185185185
12,2016-01,11.598507462686566
12,2016-02,13.80752688172043
12,2016-03,13.85493612078978
12,2016-04,15.178966789667896
12,2016-05,15.383553421368548
12,2016-06,16.89741935483871
12,2016-07,16.74620938628159
12,2016-08,16.844284128745837
12,2016-09,17.448981900452488
12,2016-10,16.633552631578947
12,2016-11,13.484117647058824
12,2016-12,10.897364953886694
12,2017-01,9.956507592190889
12,2017-02,12.562375249500999
12,2017-03,13.51030042918455
12,2017-04,14.617142857142857
12,2017-05,15.475721925133689
12,2017-06,17.155467869222097
12,2017-07,17.680309734513273
12,2017-08,18.50348204570185
12,2017-09,20.10880713489409
12,2017-10,16.982056892778992
12,2017-11,14.081212121212122
12,2017-12,10.489602803738318
13,2013-12,-0.7647058823529411
13,2014-01,8.485714285714286
13,2014-02,7.842105263157895
13,2014-03,13.944444444444445
13,2014-04,17.08108108108108
13,2014-05,22.071428571428573
13,2014-06,26.235294117647058
13,2014-07,26.544117647058822
13,2014-08,24.06451612903226
13,2014-09,21.38372093023256
13,2014-10,8.127536231884058
13,2014-11,12.32375
13,2014-12,6.978985507246377
13,2015-01,5.6029126213592235
13,2015-02,1.2837606837606836
13,2015-03,13.904195804195805
13,2015-04,18.73564727954972
13,2015-05,21.687654320987654
13,2015-06,25.939772727272725
13,2015-07,24.72077922077922
13,2015-08,22.66829268292683
13,2015-09,19.599107142857143
13,2015-10,14.520731707317074
13,2015-11,12.836697247706422
13,2015-12,8.705882352941176
13,2016-01,8.953097345132743
13,2016-02,12.271604938271604
13,2016-03,19.22
13,2016-04,19.764864864864865
13,2016-05,24.87719298245614
13,2016-06,24.27536231884058
13,2016-07,24.93653846153846
13,2016-08,26.175675675675677
13,2016-09,16.998148148148147
13,2016-10,20.97826086956522
13,2016-11,11.935294117647059
13,2016-12,5.401312649164678
13,2017-01,12.195744680851066
13,2017-02,7.427800829875518
13,2017-03,13.40813953488372
13,2017-04,18.2076
13,2017-05,20.422784810126583
13,2017-06,23.919565217391302
13,2017-07,24.278787878787877
13,2017-08,23.43456790123457
13,2017-09,18.552409638554217
13,2017-10,15.881818181818181
13,2017-11,15.255882352941176
13,2017-12,5.388235294117647
16,2013-12,7.25
16,2014-01,14.504240282685512
16,2014-02,16.673142857142857
16,2014-03,18.307202680067
16,2014-04,23.22639593908629
16,2014-05,24.87244732576985
16,2014-06,28.59556313993174
16,2014-07,28.65205479452055
16,2014-08,29.36583333333333
16,2014-09,25.619480519480522
16,2014-10,23.802136181575435
16,2014-11,16.580547112462007
16,2014-12,16.196883468834688
16,2015-01,12.121448087431693
16,2015-02,13.698174706649283
16,2015-03,18.000922266139657
16,2015-04,23.072698412698415
16,2015-05,25.105483405483405
16,2015-06,27.668718801996675
16,2015-07,29.069867549668874
16,2015-08,28.979669421487603
16,2015-09,28.14883227176221
16,2015-10,25.9136
16,2015-11,20.849999999999998
16,2015-12,18.06229508196721
16,2016-01,15.626325411334554
16,2016-02,20.2416091954023
16,2016-03,23.001190476190477
16,2016-04,24.407705479452055
16,2016-05,26.460610932475884
16,2016-06,28.140338983050846
16,2016-07,30.773605947955392
16,2016-08,29.70198555956679
16,2016-09,29.0249500998004
16,2016-10,26.500380228136883
16,2016-11,22.21626617375231
16,2016-12,16.657142857142855
16,2017-01,17.909874326750447
16,2017-02,21.828942807625648
16,2017-03,22.859695817490497
16,2017-04,24.931586826347303
16,2017-05,26.881769911504428
16,2017-06,29.74296724470135
16,2017-07,29.75428082191781
16,2017-08,30.27570422535211
16,2017-09,27.39425087108014
16,2017-10,23.584182776801406
16,2017-11,21.790120967741935
16,2017-12,15.550217391304349
17,2014-05,12.2
17,2014-10,14.0
17,2015-02,0.0
17,2015-04,19.4
17,2016-04,20.6
17,2016-07,22.2
17,2017-01,18.3
17,2017-02,1.1
17,2017-04,21.675
17,2017-08,24.74230769230769
17,2017-09,24.164285714285715
17,2017-10,18.9
18,2014-05,12.2
18,2014-10,14.0
18,2015-02,0.0
18,2015-04,19.4
18,2016-04,20.6
18,2016-07,22.2
18,2017-01,18.3
18,2017-02,1.1
18,2017-04,21.675
18,2017-08,24.74230769230769
18,2017-09,24.164285714285715
18,2017-10,18.9
19,2015-01,17.807755581668626
19,2015-02,15.922671804752728
19,2015-03,15.26048526863085
19,2015-04,12.772062350119903
19,2015-05,9.414147521160823
19,2015-06,6.55
19,2015-07,6.010803004043906
19,2015-08,6.6272303206997085
19,2015-09,8.13377245508982
19,2015-10,11.952497096399537
19,2015-11,13.301617735170762
19,2015-12,14.927858386535114
19,2016-01,15.967570686670513
19,2016-02,18.907658505963592
19,2016-03,15.287236533957845
19,2016-04,12.010755287009063
19,2016-05,11.781156069364163
19,2016-06,7.952033492822966
19,2016-07,6.499073537927041
19,2016-08,6.2261822376009235
19,2016-09,10.040453460620524
19,2016-10,11.74324480369515
19,2016-11,13.545910780669145
19,2016-12,15.348587896253601
19,2017-01,16.539868499701136
19,2017-02,16.616005121638924
19,2017-03,14.296416184971099
19,2017-04,12.151071428571429
19,2017-05,8.146939953810623
19,2017-06,6.497471402769415
19,2017-07,5.682190201729107
19,2017-08,8.162113251605371
19,2017-09,10.361625821876867
19,2017-10,11.740161569532603
19,2017-11,14.193087008343266
19,2017-12,17.550620200826934
20,2014-12,-3.216666666666667
20,2015-01,3.3881226053639844
20,2015-02,-0.059398496240601444
20,2015-03,11.199242424242424
20,2015-04,17.628048780487806
20,2015-05,21.402641509433963
20,2015-06,25.6828125
20,2015-07,26.91945525291829
20,2015-08,24.8996062992126
20,2015-09,22.573151750972762
20,2015-10,16.43828125
20,2015-11,13.156420233463034
20,2015-12,11.35478443743428
20,2016-01,1.7734778982485406
20,2016-02,5.533870967741936
20,2016-03,12.547163561076605
20,2016-04,16.02305401956614
20,2016-05,18.80633946830266
20,2016-06,25.429454083791793
20,2016-07,26.896024590163936
20,2016-08,26.12874326005807
20,2016-09,23.190139652983497
20,2016-10,18.62174090723335
20,2016-11,11.478036971830985
20,2016-12,4.522099236641221
20,2017-01,7.137389100126743
20,2017-02,9.662599822537711
20,2017-03,10.964951902969469
20,2017-04,17.68030303030303
20,2017-05,21.64614457831325
20,2017-06,23.837187632359168
20,2017-07,26.41037811745776
20,2017-08,24.25456750202102
20,2017-09,21.075572201414897
20,2017-10,16.26295253419147
20,2017-11,10.644188191881918
20,2017-12,4.495223488168274
21,2014-01,4.245392953929539
21,2014-02,5.910762331838566
21,2014-03,8.854508748317631
21,2014-04,13.086369958275384
21,2014-05,14.859646739130437
21,2014-06,20.300698324022346
21,2014-07,19.403347280334728
21,2014-08,19.195068493150686
21,2014-09,17.771488178025034
21,2014-10,14.489232839838493
21,2014-11,8.754494382022472
21,2014-12,4.60997920997921
21,2015-01,3.201203007518797
21,2015-02,2.788280060882801
21,2015-03,8.416869095816464
21,2015-04,12.918194444444445
21,2015-05,16.403643724696355
21,2015-06,20.80236111111111
21,2015-07,24.138231292517005
21,2015-08,21.384625850340136
21,2015-09,15.896951219512195
21,2015-10,11.020295698924732
21,2015-11,6.888268156424581
21,2015-12,3.1367567567567565
21,2016-01,4.7097035040431265
21,2016-02,6.496925329428989
21,2016-03,7.355737704918032
21,2016-04,11.732960893854747
21,2016-05,15.044010767160163
21,2016-06,19.634075104311542
21,2016-07,21.96518817204301
21,2016-08,21.30646900269542
21,2016-09,19.136717663421418
21,2016-10,10.909127516778524
21,2016-11,7.302474526928676
21,2016-12,0.10080753701211302
21,2017-01,-1.7691666666666666
21,2017-02,6.585543964232488
21,2017-03,10.376985195154779
21,2017-04,11.888472222222223
21,2017-05,16.466214382632295
21,2017-06,22.077150916784205
21,2017-07,21.598807749627422
21,2017-08,21.637262872628725
21,2017-09,14.705997210599723
21,2017-10,12.11006711409396
21,2017-11,5.226008344923505
21,2017-12,1.9819843342036554
22,2014-01,9.203373722974579
22,2014-02,9.2163222045575
22,2014-03,11.031847133757962
22,2014-04,15.095975308641975
22,2014-05,17.62150512026673
22,2014-06,22.608412145345945
22,2014-07,23.318513916500994
22,2014-08,22.883547370971648
22,2014-09,21.14016124968506
22,2014-10,18.01809140421501
22,2014-11,13.188592170080375
22,2014-12,8.548199373695198
22,2015-01,7.230202312138728
22,2015-02,6.144101633393829
22,2015-03,10.946124941286989
22,2015-04,13.75293247905372
22,2015-05,18.70532363977486
22,2015-06,23.118163722318982
22,2015-07,26.598900070208288
22,2015-08,24.139083292262196
22,2015-09,19.566541916167665
22,2015-10,14.595419664268585
22,2015-11,11.900247708694575
22,2015-12,11.118377203574015
22,2016-01,8.4416292798111
22,2016-02,9.12759865875677
22,2016-03,10.253969776924922
22,2016-04,14.134605850272683
22,2016-05,17.06847126162652
22,2016-06,22.10308947108255
22,2016-07,25.00351941747573
22,2016-08,24.11463700234192
22,2016-09,21.85218788627936
22,2016-10,15.133102424542306
22,2016-11,10.817874140666314
22,2016-12,7.894331601322626
22,2017-01,4.938061695409279
22,2017-02,10.86083311501179
22,2017-03,12.35669176584892
22,2017-04,13.901785714285714
22,2017-05,18.092482100238662
22,2017-06,24.07502470355731
22,2017-07,25.245822232986196
22,2017-08,24.977527818093858
22,2017-09,18.496743388834474
22,2017-10,16.782279962546816
22,2017-11,9.907130771090163
22,2017-12,6.047258932941752
23,2014-01,5.502797202797202
23,2014-02,7.058349328214971
23,2014-03,10.85655253837072
23,2014-04,14.311037792441512
23,2014-05,17.616275659824044
23,2014-06,21.70357142857143
23,2014-07,21.4210686095932
23,2014-08,20.938836104513065
23,2014-09,19.02057761732852
23,2014-10,15.866585956416465
23,2014-11,10.87131400370142
23,2014-12,5.1531010041346725
23,2015-01,4.678614097968937
23,2015-02,4.471685971685972
23,2015-03,9.701961950059454
23,2015-04,13.620963855421687
23,2015-05,18.22597014925373
23,2015-06,22.560491493383743
23,2015-07,27.401378896882495
23,2015-08,24.255842630651788
23,2015-09,18.650647748303516
23,2015-10,13.207894736842105
23,2015-11,8.667205266307601
23,2015-12,4.6369757826343765
23,2016-01,3.4983227299016777
23,2016-02,6.423821495914519
23,2016-03,8.841165972635336
23,2016-04,14.06819012797075
23,2016-05,16.131918604651165
23,2016-06,20.684405339805828
23,2016-07,24.23895652173913
23,2016-08,22.47037914691943
23,2016-09,20.775210084033613
23,2016-10,12.797597597597598
23,2016-11,8.30099440646364
23,2016-12,4.173433874709977
23,2017-01,-0.5
24,2014-01,4.245392953929539
24,2014-02,5.910762331838566
24,2014-03,8.854508748317631
24,2014-04,13.086369958275384
24,2014-05,14.859646739130437
24,2014-06,20.300698324022346
24,2014-07,19.403347280334728
24,2014-08,19.195068493150686
24,2014-09,17.771488178025034
24,2014-10,14.489232839838493
24,2014-11,8.754494382022472
24,2014-12,4.60997920997921
24,2015-01,3.201203007518797
24,2015-02,2.788280060882801
24,2015-03,8.416869095816464
24,2015-04,12.918194444444445
24,2015-05,16.403643724696355
24,2015-06,20.80236111111111
24,2015-07,24.138231292517005
24,2015-08,21.384625850340136
24,2015-09,15.896951219512195
24,2015-10,11.020295698924732
24,2015-11,6.888268156424581
24,2015-12,3.1367567567567565
24,2016-01,4.7097035040431265
24,2016-02,6.496925329428989
24,2016-03,7.355737704918032
24,2016-04,11.732960893854747
24,2016-05,15.044010767160163
24,2016-06,19.634075104311542
24,2016-07,21.96518817204301
24,2016-08,21.30646900269542
24,2016-09,19.136717663421418
24,2016-10,10.909127516778524
24,2016-11,7.302474526928676
24,2016-12,0.10080753701211305
24,2017-01,-1.7691666666666666
24,2017-02,6.585543964232488
24,2017-03,10.376985195154779
24,2017-04,11.888472222222223
24,2017-05,16.466214382632295
24,2017-06,22.077150916784205
24,2017-07,21.598807749627422
24,2017-08,21.637262872628725
24,2017-09,14.705997210599723
24,2017-10,12.11006711409396
24,2017-11,5.226008344923505
24,2017-12,1.9819843342036554
25,2014-01,6.045106671181849
25,2014-02,6.5397617274758
25,2014-03,8.845485175202157
25,2014-04,12.126495132127957
25,2014-05,13.341430499325236
25,2014-06,16.274555594283722
25,2014-07,19.092934592514865
25,2014-08,16.157741160315826
25,2014-09,16.12799442896936
25,2014-10,13.482608695652175
25,2014-11,8.508342022940564
25,2014-12,4.424150815217391
25,2015-01,3.540935082408342
25,2015-02,3.1438478747203575
25,2015-03,6.356590370955012
25,2015-04,9.4481058877225
25,2015-05,12.703032967032968
25,2015-06,16.04033273381295
25,2015-07,19.009346204475648
25,2015-08,19.21237579042457
25,2015-09,13.238757264193115
25,2015-10,9.786097668279806
25,2015-11,9.948247610377788
25,2015-12,9.546820590461772
25,2016-01,4.993931088488646
25,2016-02,4.673872679045092
25,2016-03,5.238904327113934
25,2016-04,8.843785540211211
25,2016-05,14.3056050955414
25,2016-06,16.274631578947368
25,2016-07,18.575498479215952
25,2016-08,18.196730704415234
25,2016-09,17.850909727081877
25,2016-10,9.854979811574697
25,2016-11,6.307856625633598
25,2016-12,4.643117408906883
25,2017-01,1.31455938697318
25,2017-02,6.01012753188297
25,2017-03,9.338357553227443
25,2017-04,8.558385525400139
25,2017-05,15.034713804713805
25,2017-06,18.879337094499295
25,2017-07,18.529279125384353
25,2017-08,18.01144024514811
25,2017-09,13.942957995058242
25,2017-10,13.211118644067797
25,2017-11,6.763102356665494
25,2017-12,4.402640845070422
26,2014-01,7.142333333333333
26,2014-02,8.249958437240233
26,2014-03,11.378291621327529
26,2014-04,15.022126613398894
26,2014-05,17.426267029972752
26,2014-06,22.632024977698485
26,2014-07,22.023529411764706
26,2014-08,21.75858310626703
26,2014-09,19.26442424242424
26,2014-10,16.872634032634036
26,2014-11,13.028360957642725
26,2014-12,6.926870562534135
26,2015-01,5.380288728484175
26,2015-02,6.0742467718794835
26,2015-03,9.752697841726619
26,2015-04,13.790811724915446
26,2015-05,17.991026919242273
26,2015-06,22.26048578199052
26,2015-07,26.886493679308053
26,2015-08,24.23557336621455
26,2015-09,19.651769911504427
26,2015-10,14.768075422626788
26,2015-11,8.829706390328152
26,2015-12,5.74373831775701
26,2016-01,3.94905303030303
26,2016-02,7.50385288966725
26,2016-03,10.346666666666668
26,2016-04,15.465134099616858
26,2016-05,17.962142857142855
26,2016-06,23.106355140186917
26,2016-07,26.26441605839416
26,2016-08,24.218899082568807
26,2016-09,22.404136690647483
26,2016-10,13.848263888888889
26,2016-11,9.121761658031089
26,2016-12,4.899271402550091
26,2017-01,1.6839378238341969
26,2017-02,7.080762564991335
26,2017-03,12.650699844479004
26,2017-04,14.642682926829268
26,2017-05,19.315806988352744
26,2017-06,25.029097605893185
26,2017-07,25.202946593001844
26,2017-08,26.8326352530541
26,2017-09,18.33551724137931
26,2017-10,15.128521739130434
26,2017-11,9.112666666666668
26,2017-12,4.250847457627119
27,2014-01,7.52122641509434
27,2014-02,9.377215189873418
27,2014-03,13.11187214611872
27,2014-04,16.685314685314687
27,2014-05,19.676605504587155
27,2014-06,24.41062801932367
27,2014-07,24.884146341463413
27,2014-08,24.05604719764012
27,2014-09,21.256880733944953
27,2014-10,18.61875
27,2014-11,13.407894736842104
27,2014-12,7.078947368421052
27,2015-01,5.919831223628692
27,2015-02,7.682242990654205
27,2015-03,12.23076923076923
27,2015-04,15.941704035874439
27,2015-05,20.629787234042553
27,2015-06,25.923766816143498
27,2015-07,30.71818181818182
27,2015-08,27.68281938325991
27,2015-09,21.849557522123895
27,2015-10,15.714893617021277
27,2015-11,10.38139534883721
27,2015-12,5.763736263736264
27,2016-01,4.864628820960698
27,2016-02,8.666666666666666
27,2016-03,11.41125541125541
27,2016-04,15.830434782608696
27,2016-05,19.279661016949152
27,2016-06,23.464435146443513
27,2016-07,27.309623430962343
27,2016-08,25.5974025974026
27,2016-09,23.35593220338983
27,2016-10,14.823529411764707
27,2016-11,10.601731601731602
27,2016-12,4.729166666666667
27,2017-01,2.6986899563318776
27,2017-02,7.744292237442922
27,2017-03,14.210743801652892
27,2017-04,15.429166666666667
27,2017-05,20.316017316017316
27,2017-06,26.70305676855895
27,2017-07,26.82075471698113
27,2017-08,28.45
27,2017-09,19.379746835443036
27,2017-10,15.34070796460177
27,2017-11,9.899563318777293
27,2017-12,4.557522123893805
28,2014-01,6.639798170923998
28,2014-02,8.31967440249394
28,2014-03,11.30902232002515
28,2014-04,14.922803553800593
28,2014-05,17.908830548926012
28,2014-06,23.04755747126437
28,2014-07,23.112158273381297
28,2014-08,22.195595026642984
28,2014-09,19.483592338272498
28,2014-10,16.20166724557138
28,2014-11,12.03039663039663
28,2014-12,6.397224126113776
28,2015-01,4.397232661428084
28,2015-02,5.958907721280602
28,2015-03,9.7426912568306
28,2015-04,13.664288288288288
28,2015-05,19.039041333796458
28,2015-06,23.436758893280633
28,2015-07,27.62183588317107
28,2015-08,25.515219683655538
28,2015-09,19.98273328434974
28,2015-10,14.172536181943487
28,2015-11,8.409911816578482
28,2015-12,4.312039903680771
28,2016-01,3.188083077970718
28,2016-02,7.62409594095941
28,2016-03,9.768084370677732
28,2016-04,14.218975468975469
28,2016-05,17.454930555555556
28,2016-06,22.15690568703638
28,2016-07,25.5100777705768
28,2016-08,23.690090968161144
28,2016-09,21.52421901242862
28,2016-10,13.720997375328084
28,2016-11,9.402656088306312
28,2016-12,3.69247892074199
28,2017-01,0.7714799085266253
28,2017-02,6.699507908611599
28,2017-03,11.470274584929758
28,2017-04,14.000036337209302
28,2017-05,18.820568783068783
28,2017-06,23.913677204658903
28,2017-07,24.753402462734932
28,2017-08,25.77534461152882
28,2017-09,17.987328543435662
28,2017-10,13.904413145539905
28,2017-11,8.41619170984456
28,2017-12,3.301324503311258
29,2015-01,1.276866048862679
29,2015-02,-0.36851817334575954
29,2015-03,6.034475738038683
29,2015-04,9.487694459010662
29,2015-05,13.908822029576747
29,2015-06,18.25749605470805
29,2015-07,22.24214087439278
29,2015-08,19.77438920211857
29,2015-09,13.113422113194323
29,2015-10,9.054880511612252
29,2015-11,6.6453847496073974
29,2015-12,2.65005081300813
29,2016-01,2.3268070766638584
29,2016-02,3.76127970749543
29,2016-03,4.544595744680851
29,2016-04,8.86839705366538
29,2016-05,12.567317155947734
29,2016-06,16.687042842215256
29,2016-07,19.64883445945946
29,2016-08,19.035209601081814
29,2016-09,16.32975766215253
29,2016-10,8.248135080645161
29,2016-11,4.419372294372295
29,2016-12,-0.3769515477792732
29,2017-01,-3.2955570982297813
29,2017-02,3.4949866565001906
29,2017-03,7.863997977414461
29,2017-04,8.733709817549956
29,2017-05,14.177520689072793
29,2017-06,19.6403734366743
29,2017-07,19.515608108108108
29,2017-08,19.416271937297665
29,2017-09,12.994885669401292
29,2017-10,10.418708468222865
29,2017-11,4.223241643454039
29,2017-12,0.8225371828521435
30,2015-01,4.450739194221871
30,2015-02,3.88422246091419
30,2015-03,7.84659886264217
30,2015-04,12.213956351426972
30,2015-05,14.081208274050564
30,2015-06,18.57285666629601
30,2015-07,21.139823896567098
30,2015-08,20.94213759213759
30,2015-09,14.454866635470285
30,2015-10,11.126573198565374
30,2015-11,10.8003947665238
30,2015-12,9.385330286211776
30,2016-01,5.425656260127472
30,2016-02,5.9184
30,2016-03,6.641991673970201
30,2016-04,9.5430349394839
30,2016-05,14.23624107850912
30,2016-06,17.059907514450867
30,2016-07,20.289153754469606
30,2016-08,20.845304777594727
30,2016-09,18.63213445378151
30,2016-10,11.175195333993617
30,2016-11,7.5089306425423334
30,2016-12,4.294948820649755
30,2017-01,1.9874150430448574
30,2017-02,6.991959011452683
30,2017-03,10.423891996557659
30,2017-04,10.524474591348827
30,2017-05,16.077117711771177
30,2017-06,20.458597701149422
30,2017-07,20.456888788833858
30,2017-08,19.439192054458207
30,2017-09,14.984008724601079
30,2017-10,13.798614142295941
30,2017-11,7.62595275239581
30,2017-12,5.161360281594186
32,2015-01,3.23873653281097
32,2015-02,2.6562886597938142
32,2015-03,7.698315395414132
32,2015-04,11.478843302026693
32,2015-05,14.93443258971872
32,2015-06,19.922631048387096
32,2015-07,23.38867832847425
32,2015-08,21.059550561797753
32,2015-09,14.701185770750987
32,2015-10,10.202667337695019
32,2015-11,7.991536748329621
32,2015-12,6.394962793360046
32,2016-01,4.367182817182817
32,2016-02,5.371436142024377
32,2016-03,6.015885167464115
32,2016-04,9.202392344497609
32,2016-05,13.217093142272262
32,2016-06,17.94812534974818
32,2016-07,20.951270772238516
32,2016-08,20.84854651162791
32,2016-09,18.40728179551122
32,2016-10,10.343865628042844
32,2016-11,6.52255561303673
32,2016-12,1.5206785137318255
32,2017-01,-0.5569125549584758
32,2017-02,5.8552325581395355
32,2017-03,9.640692235734331
32,2017-04,10.161623972933786
32,2017-05,15.176586102719034
32,2017-06,20.733860759493673
32,2017-07,20.806986143187064
32,2017-08,21.136717517096265
32,2017-09,14.499686847599166
32,2017-10,12.079053373615308
32,2017-11,5.70281973816717
32,2017-12,2.6235784685367705
33,2014-01,4.245392953929539
33,2014-02,5.910762331838566
33,2014-03,8.854508748317631
33,2014-04,13.086369958275384
33,2014-05,14.859646739130437
33,2014-06,20.300698324022346
33,2014-07,19.403347280334728
33,2014-08,19.195068493150686
33,2014-09,17.771488178025034
33,2014-10,14.489232839838493
33,2014-11,8.754494382022472
33,2014-12,4.60997920997921
33,2015-01,3.201203007518797
33,2015-02,2.788280060882801
33,2015-03,8.416869095816464
33,2015-04,12.918194444444445
33,2015-05,16.403643724696355
33,2015-06,20.80236111111111
33,2015-07,24.138231292517005
33,2015-08,21.384625850340136
33,2015-09,15.896951219512195
33,2015-10,11.020295698924732
33,2015-11,6.888268156424581
33,2015-12,3.1367567567567565
33,2016-01,4.7097035040431265
33,2016-02,6.496925329428989
33,2016-03,7.355737704918032
33,2016-04,11.732960893854747
33,2016-05,15.044010767160163
33,2016-06,19.634075104311542
33,2016-07,21.96518817204301
33,2016-08,21.30646900269542
33,2016-09,19.136717663421418
33,2016-10,10.909127516778524
33,2016-11,7.302474526928676
33,2016-12,0.10080753701211305
33,2017-01,-1.7691666666666666
33,2017-02,6.585543964232488
33,2017-03,10.376985195154779
33,2017-04,11.888472222222223
33,2017-05,16.466214382632295
33,2017-06,22.077150916784205
33,2017-07,21.598807749627422
33,2017-08,21.637262872628725
33,2017-09,14.705997210599723
33,2017-10,12.11006711409396
33,2017-11,5.226008344923505
33,2017-12,1.9819843342036554
34,2015-01,7.623407335907336
34,2015-02,6.520848422141748
34,2015-03,11.225664955669622
34,2015-04,14.210101498308362
34,2015-05,18.976292501164416
34,2015-06,23.698695652173914
34,2015-07,27.009663865546216
34,2015-08,24.660653409090912
34,2015-09,20.120882936507936
34,2015-10,15.236867013724563
34,2015-11,12.34430501930502
34,2015-12,11.812719506407214
34,2016-01,9.121395131086143
34,2016-02,9.811094147582697
34,2016-03,10.675478011472274
34,2016-04,14.644689182574645
34,2016-05,17.739801699716715
34,2016-06,22.551915520628683
34,2016-07,25.486064769381745
34,2016-08,24.656574637342068
34,2016-09,22.544648166501485
34,2016-10,15.827840078010727
34,2016-11,11.59983888292159
34,2016-12,8.680028395646001
34,2017-01,5.392832596956309
34,2017-02,11.343396226415095
34,2017-03,12.962175168431184
34,2017-04,14.3640368852459
34,2017-05,18.621157495256167
34,2017-06,24.69089566929134
34,2017-07,25.89451923076923
34,2017-08,25.562233009708738
34,2017-09,19.17105778648384
34,2017-10,17.35217188229799
34,2017-11,10.391489361702128
34,2017-12,6.29607265586647
35,2014-01,6.482448979591837
35,2014-02,8.437404092071612
35,2014-03,11.555234239444765
35,2014-04,14.957357357357358
35,2014-05,17.648752176436446
35,2014-06,22.97431302270012
35,2014-07,22.924729891956783
35,2014-08,22.30575793184489
35,2014-09,19.74316807738815
35,2014-10,15.666050808314086
35,2014-11,10.764853556485354
35,2014-12,5.144386271087842
35,2015-01,3.330191972076789
35,2015-02,5.2131461391193366
35,2015-03,9.75623556581986
35,2015-04,13.953025763930496
35,2015-05,19.253132250580048
35,2015-06,23.8311377245509
35,2015-07,27.65027173913043
35,2015-08,24.75734791524265
35,2015-09,19.50456781447646
35,2015-10,13.84106412005457
35,2015-11,7.694424841213832
35,2015-12,3.768292682926829
35,2016-01,3.2485596707818933
35,2016-02,7.22275
35,2016-03,9.545716945996276
35,2016-04,14.453615604186488
35,2016-05,17.041996320147195
35,2016-06,21.60776233828462
35,2016-07,25.50294117647059
35,2016-08,23.561025324274244
35,2016-09,21.657089377632193
35,2016-10,14.220513976555456
35,2016-11,9.579194956353055
35,2016-12,3.800507380073801
35,2017-01,1.2987844787283778
35,2017-02,7.059909683893627
35,2017-03,12.152887676216462
35,2017-04,14.97240577012564
35,2017-05,19.09990543735225
35,2017-06,24.741666666666667
35,2017-07,25.15823445657333
35,2017-08,26.02748056698674
35,2017-09,18.738110902255638
35,2017-10,14.932826887661141
35,2017-11,8.439775500244021
35,2017-12,3.1036104513064133
36,2015-01,8.643668789808917
36,2015-02,7.424162207828781
36,2015-03,10.412562688064193
36,2015-04,14.751580872746278
36,2015-05,16.380278128950696
36,2015-06,19.36941644562334
36,2015-07,21.744905855042557
36,2015-08,21.454064072014827
36,2015-09,17.492235163616193
36,2015-10,15.789571127255684
36,2015-11,13.913908450704225
36,2015-12,13.898807106598985
36,2016-01,11.349215216812981
36,2016-02,9.96950634696756
36,2016-03,10.449003880983183
36,2016-04,12.938822571893652
36,2016-05,16.094947368421053
36,2016-06,18.597712933753943
36,2016-07,21.125252276642872
36,2016-08,21.462989080982712
36,2016-09,20.177110427997164
36,2016-10,15.73725176900251
36,2016-11,11.072924457741212
36,2016-12,10.383493196520186
36,2017-01,6.076912247770999
36,2017-02,10.968567141785448
36,2017-03,12.563014008133756
36,2017-04,13.010943039470575
36,2017-05,17.352305909617613
36,2017-06,20.353586190128862
36,2017-07,20.69589231840334
36,2017-08,21.09926453688807
36,2017-09,17.654856726566294
36,2017-10,17.11229213483146
36,2017-11,11.19445923058311
36,2017-12,8.572243346007605
37,2015-01,13.974702380952381
37,2015-02,14.951037613488975
37,2015-03,18.421820373719108
37,2015-04,20.644291952588897
37,2015-05,25.347037914691946
37,2015-06,26.647844827586205
37,2015-07,28.962335329341318
37,2015-08,31.067286914765905
37,2015-09,29.85112079701121
37,2015-10,25.490242424242425
37,2015-11,20.29692874692875
37,2015-12,15.437625516834023
37,2016-01,13.573920756948551
37,2016-02,18.178799489144318
37,2016-03,21.066825491363904
37,2016-04,25.712484394506866
37,2016-05,26.87858851674641
37,2016-06,30.837577639751554
37,2016-07,29.96163973668462
37,2016-08,29.96486810551559
37,2016-09,28.47172969621823
37,2016-10,25.662760261748957
37,2016-11,20.875703324808182
37,2016-12,15.447890671420083
37,2017-01,14.218026796589525
37,2017-02,15.319276315789473
37,2017-03,19.31932974266906
37,2017-04,22.379115479115477
37,2017-05,26.90763267740012
37,2017-06,29.32547928262214
37,2017-07,30.951720047449584
37,2017-08,30.454937163375224
37,2017-09,28.161713933415538
37,2017-10,24.93047619047619
37,2017-11,20.121922841396202
37,2017-12,17.945927740355174
38,2016-01,6.134824930989394
38,2016-02,5.754915416533675
38,2016-03,6.368264172998247
38,2016-04,8.494810318664644
38,2016-05,13.669426658905705
38,2016-06,15.946418508082456
38,2016-07,18.244996336996337
38,2016-08,18.56679333528208
38,2016-09,17.05561224489796
38,2016-10,11.173275987753318
38,2016-11,6.659545173267327
38,2016-12,6.528577667782793
38,2017-01,3.5574806662700773
38,2017-02,6.824980035138156
38,2017-03,9.684826271807653
38,2017-04,10.209113038186521
38,2017-05,14.159482505145546
38,2017-06,18.025479160328565
38,2017-07,18.37657408753817
38,2017-08,16.845147617655655
38,2017-09,14.242822966507177
38,2017-10,13.105207732256204
38,2017-11,7.521829615211859
38,2017-12,5.54300811762904
39,2015-01,7.233317261330762
39,2015-02,6.144101633393829
39,2015-03,10.946124941286989
39,2015-04,13.75293247905372
39,2015-05,18.70532363977486
39,2015-06,23.118163722318982
39,2015-07,26.598900070208288
39,2015-08,24.139083292262196
39,2015-09,19.566541916167665
39,2015-10,14.595419664268585
39,2015-11,11.900247708694575
39,2015-12,11.118377203574015
39,2016-01,8.4416292798111
39,2016-02,9.12759865875677
39,2016-03,10.253969776924922
39,2016-04,14.134605850272683
39,2016-05,17.06847126162652
39,2016-06,22.10308947108255
39,2016-07,25.00351941747573
39,2016-08,24.11463700234192
39,2016-09,21.85218788627936
39,2016-10,15.133102424542306
39,2016-11,10.817874140666314
39,2016-12,7.894331601322626
39,2017-01,4.938061695409279
39,2017-02,10.86083311501179
39,2017-03,12.35669176584892
39,2017-04,13.901785714285714
39,2017-05,18.092482100238662
39,2017-06,24.07502470355731
39,2017-07,25.245822232986196
39,2017-08,24.977527818093858
39,2017-09,18.496743388834474
39,2017-10,16.782279962546816
39,2017-11,9.907130771090163
39,2017-12,6.047258932941752
40,2015-01,2.587758041286606
40,2015-02,2.1708700155359915
40,2015-03,7.691312603845241
40,2015-04,11.69229439367745
40,2015-05,15.502627098029677
40,2015-06,19.993725490196077
40,2015-07,23.831847905061757
40,2015-08,20.64201125519941
40,2015-09,14.843260427263479
40,2015-10,10.32961373390558
40,2015-11,7.108683683683683
40,2015-12,4.080403245635604
40,2016-01,4.489508506616256
40,2016-02,5.459002557544757
40,2016-03,6.222889532079112
40,2016-04,10.261083499005965
40,2016-05,13.73740458015267
40,2016-06,18.218911780243
40,2016-07,21.076737160120846
40,2016-08,20.62543021032505
40,2016-09,18.333971172962226
40,2016-10,10.355887521968366
40,2016-11,6.552487626986195
40,2016-12,0.6271511910549343
40,2017-01,-0.7757789678675755
40,2017-02,6.17432679738562
40,2017-03,9.480455719990605
40,2017-04,10.860645787812576
40,2017-05,15.446421421421421
40,2017-06,21.119893475366176
40,2017-07,21.162173244490006
40,2017-08,20.940991776725642
40,2017-09,13.844605597964378
40,2017-10,11.626425250795204
40,2017-11,5.23153415998055
40,2017-12,1.9062326319968241
41,2015-01,13.974702380952381
41,2015-02,14.951037613488975
41,2015-03,18.421820373719108
41,2015-04,20.644291952588897
41,2015-05,25.347037914691946
41,2015-06,26.647844827586205
41,2015-07,28.962335329341318
41,2015-08,31.067286914765905
41,2015-09,29.85112079701121
41,2015-10,25.490242424242425
41,2015-11,20.29692874692875
41,2015-12,15.437625516834023
41,2016-01,13.573920756948551
41,2016-02,18.178799489144318
41,2016-03,21.066825491363904
41,2016-04,25.712484394506866
41,2016-05,26.87858851674641
41,2016-06,30.837577639751554
41,2016-07,29.96163973668462
41,2016-08,29.96486810551559
41,2016-09,28.47172969621823
41,2016-10,25.662760261748957
41,2016-11,20.875703324808182
41,2016-12,15.447890671420083
41,2017-01,14.218026796589525
41,2017-02,15.319276315789473
41,2017-03,19.31932974266906
41,2017-04,22.379115479115477
41,2017-05,26.90763267740012
41,2017-06,29.32547928262214
41,2017-07,30.951720047449584
41,2017-08,30.454937163375224
41,2017-09,28.161713933415538
41,2017-10,24.93047619047619
41,2017-11,20.121922841396202
41,2017-12,17.945927740355174
42,2015-01,9.313208255159475
42,2015-02,9.165771812080537
42,2015-03,12.214844343204252
42,2015-04,14.726422447388932
42,2015-05,19.199461331281263
42,2015-06,22.858217821782176
42,2015-07,27.4593588417787
42,2015-08,25.970721649484535
42,2015-09,22.278131634819534
42,2015-10,16.837230769230768
42,2015-11,13.14311064718163
42,2015-12,9.34448717948718
42,2016-01,10.411305637982196
42,2016-02,12.486935791481246
42,2016-03,11.891019922688075
42,2016-04,16.626122823098076
42,2016-05,18.215093786635403
42,2016-06,22.8841372612496
42,2016-07,26.180901947386403
42,2016-08,25.604787392209335
42,2016-09,22.105010961478236
42,2016-10,18.194895678092397
42,2016-11,13.57379421221865
42,2016-12,9.535121951219512
42,2017-01,6.473482798608427
42,2017-02,11.145042016806723
42,2017-03,12.807079318013344
42,2017-04,14.7378782075833
42,2017-05,19.729536178107605
42,2017-06,24.924814670308233
42,2017-07,26.576356877323416
42,2017-08,27.181528662420384
42,2017-09,21.1915602013163
42,2017-10,17.58592537864795
42,2017-11,12.998891437308869
42,2017-12,9.145744010088272
44,2015-12,9.81416083916084
44,2016-01,9.546311475409835
44,2016-02,11.735714285714286
44,2016-03,11.723430962343098
44,2016-04,16.795014245014247
44,2016-05,18.02763337893297
44,2016-06,21.715686274509803
44,2016-07,26.51360294117647
44,2016-08,26.050824175824175
44,2016-09,22.069341894060997
44,2017-12,8.742079207920792
45,2015-01,10.04943147815679
45,2015-02,9.427807486631016
45,2015-03,12.363154689403167
45,2015-04,14.830540037243948
45,2015-05,19.88913443830571
45,2015-06,20.60655737704918
45,2016-01,11.071793313069907
45,2016-02,13.16716129032258
45,2016-03,12.285240963855422
45,2016-04,17.017654398003742
45,2016-05,18.541725768321513
45,2016-06,23.03619518221124
45,2016-07,26.347621878715813
45,2016-08,25.932453509298142
45,2016-09,22.343290043290043
45,2016-10,18.455068168346177
45,2016-11,13.87850821744627
45,2016-12,9.86656856974691
45,2017-01,6.714138349514563
45,2017-02,11.64192462987887
45,2017-03,13.276081871345028
45,2017-04,15.08683574879227
45,2017-05,20.089375364856974
45,2017-06,24.865976871576386
45,2017-07,26.904705882352943
45,2017-08,27.557565011820333
45,2017-09,21.150914634146343
45,2017-10,18.05695981362842
45,2017-11,12.930907997594707
45,2017-12,9.531030228254163
46,2016-01,10.413895486935868
46,2016-02,12.486935791481246
46,2016-03,11.891019922688075
46,2016-04,16.626122823098076
46,2016-05,18.215093786635403
46,2016-06,22.8841372612496
46,2016-07,26.180901947386403
46,2016-08,25.604787392209335
46,2016-09,22.105010961478236
46,2016-10,18.194895678092397
46,2016-11,13.57379421221865
46,2016-12,9.535121951219512
46,2017-01,6.473482798608427
46,2017-02,11.145042016806723
46,2017-03,12.807079318013344
46,2017-04,14.7378782075833
46,2017-05,19.729536178107605
46,2017-06,24.924814670308233
46,2017-07,26.576356877323416
46,2017-08,27.181528662420384
46,2017-09,21.1915602013163
46,2017-10,17.58592537864795
46,2017-11,12.998891437308869
46,2017-12,9.145744010088272
47,2015-01,10.34318817419097
47,2015-02,9.552901023890785
47,2015-03,12.419610136452242
47,2015-04,14.743084260731319
47,2015-05,19.822850503485668
47,2015-06,23.08118609406953
47,2015-07,27.370354457572503
47,2015-08,26.66737288135593
47,2015-09,24.11958285052144
47,2015-10,18.807897545357523
47,2015-11,15.97872340425532
47,2015-12,14.128770053475936
47,2016-01,11.409771229158588
47,2016-02,13.121629567408652
47,2016-03,12.36703733121525
47,2016-04,16.92365161805833
47,2016-05,18.284322678843225
47,2016-06,22.71540594059406
47,2016-07,25.92297970126388
47,2016-08,25.655653846153847
47,2016-09,22.348809988294967
47,2016-10,18.594137542277338
47,2016-11,14.417675350701403
47,2016-12,10.552996254681648
47,2017-01,7.113699690402476
47,2017-02,11.813599660008501
47,2017-03,13.260163507989594
47,2017-04,15.127610208816705
47,2017-05,19.845811320754716
47,2017-06,24.56907216494845
47,2017-07,26.517674239507123
47,2017-08,27.171276998863206
47,2017-09,21.268229777256742
47,2017-10,18.232350746268654
47,2017-11,13.357270259790617
47,2017-12,9.911844262295082
48,2015-01,10.34318817419097
48,2015-02,9.552901023890785
48,2015-03,12.419610136452242
48,2015-04,14.743084260731319
48,2015-05,19.822850503485668
48,2015-06,23.08118609406953
48,2015-07,27.370354457572503
48,2015-08,26.66737288135593
48,2015-09,24.11958285052144
48,2015-10,18.807897545357523
48,2015-11,15.97872340425532
48,2015-12,12.49110816191108
48,2016-01,10.997795228027785
48,2016-02,12.816573861775304
48,2016-03,12.224389489953632
48,2016-04,16.89547581903276
48,2016-05,18.22846085144388
48,2016-06,22.547413509060952
48,2016-07,25.978702740201182
48,2016-08,25.74209735576923
48,2016-09,22.294161958568736
48,2016-10,18.594137542277338
48,2016-11,14.417675350701403
48,2016-12,10.552996254681648
48,2017-01,7.113699690402476
48,2017-02,11.813599660008501
48,2017-03,13.260163507989594
48,2017-04,15.127610208816705
48,2017-05,19.845811320754716
48,2017-06,24.56907216494845
48,2017-07,26.517674239507123
48,2017-08,27.171276998863206
48,2017-09,21.268229777256742
48,2017-10,18.232350746268654
48,2017-11,13.357270259790617
48,2017-12,9.679120157583716
49,2015-01,10.34318817419097
49,2015-02,9.552901023890785
49,2015-03,12.419610136452242
49,2015-04,14.743084260731319
49,2015-05,19.822850503485668
49,2015-06,23.08118609406953
49,2015-07,27.370354457572503
49,2015-08,26.66737288135593
49,2015-09,24.11958285052144
49,2015-10,18.807897545357523
49,2015-11,15.97872340425532
49,2015-12,14.128770053475936
49,2016-01,12.005032119914347
49,2016-02,13.036702767749698
49,2016-03,12.525291375291376
49,2016-04,16.756222222222224
49,2016-05,17.81901709401709
49,2016-06,22.14216335540839
49,2016-07,25.154144241119486
49,2016-08,25.161093247588422
49,2016-09,22.358245243128966
49,2016-10,18.83501026694045
49,2016-11,15.351916757940854
49,2016-12,11.75406797116375
49,2017-01,7.817200854700855
49,2017-02,12.107843137254902
49,2017-03,13.232415902140673
49,2017-04,15.200215053763442
49,2017-05,19.40053361792956
49,2017-06,24.01410693970421
49,2017-07,25.784169453734673
49,2017-08,26.481098204857442
49,2017-09,21.477584330794343
49,2017-10,18.54506749740395
49,2017-11,14.131331877729258
49,2017-12,10.665567765567767
50,2015-01,10.04943147815679
50,2015-02,9.427807486631016
50,2015-03,12.363154689403167
50,2015-04,14.830540037243948
50,2015-05,19.88913443830571
50,2015-06,20.60655737704918
50,2015-12,9.81416083916084
50,2016-01,10.602019352124527
50,2016-02,12.734248424842484
50,2016-03,12.115776188472866
50,2016-04,16.949848156182213
50,2016-05,18.3866281469253
50,2016-06,22.7198684828558
50,2016-07,26.370726714431935
50,2016-08,25.968434237995826
50,2016-09,22.267098214285717
50,2016-10,18.455068168346177
50,2016-11,13.87850821744627
50,2016-12,9.86656856974691
50,2017-01,6.714138349514563
50,2017-02,11.64192462987887
50,2017-03,13.276081871345028
50,2017-04,15.08683574879227
50,2017-05,20.089375364856974
50,2017-06,24.865976871576386
50,2017-07,26.904705882352943
50,2017-08,27.557565011820333
50,2017-09,21.150914634146343
50,2017-10,18.05695981362842
50,2017-11,12.930907997594707
50,2017-12,9.316344858554109
51,2015-01,4.680268317853457
51,2015-02,6.0561224489795915
51,2015-03,9.868371696504688
51,2015-04,13.711072056239017
51,2015-05,19.01860025220681
51,2015-06,23.38863148863149
51,2015-07,27.46315900021004
51,2015-08,25.350010519671788
51,2015-09,20.091189331001313
51,2015-10,14.301673899566026
51,2015-11,8.605323679727427
51,2015-12,4.370477386934674
51,2016-01,3.2737641025641024
51,2016-02,7.628186274509805
51,2016-03,9.812942155638785
51,2016-04,14.234845227858985
51,2016-05,17.45595951249742
51,2016-06,22.10885944938936
51,2016-07,25.524783123028392
51,2016-08,23.732092375074657
51,2016-09,21.447717533072478
51,2016-10,13.676474833122857
51,2016-11,9.344934608627756
51,2016-12,3.7679497568881684
51,2017-01,0.8750734286273741
51,2017-02,6.327243468383188
51,2017-03,11.184271209774566
51,2017-04,13.91459284627093
51,2017-05,18.577579172333397
51,2017-06,24.046745680996384
51,2017-07,24.79917166020444
51,2017-08,25.728463259335744
51,2017-09,17.93881181074351
51,2017-10,13.967810712428498
51,2017-11,8.311183515322297
51,2017-12,3.1390404851079006
52,2016-01,7.4836424957841485
52,2016-02,10.55
52,2016-03,11.064019448946516
52,2016-04,16.69559082892416
52,2016-05,17.970319634703195
52,2016-06,23.17393483709273
52,2016-07,27.374881516587678
52,2016-08,26.303595505617977
52,2016-09,21.855196304849883
52,2016-10,16.51223021582734
52,2016-11,11.792207792207792
52,2016-12,7.630708661417323
52,2017-01,5.695
52,2017-02,10.31282722513089
52,2017-03,13.824311926605503
52,2017-04,14.233513513513513
52,2017-05,20.913809523809523
52,2017-06,27.04455958549223
52,2017-07,28.079432624113476
52,2017-08,30.797641509433966
52,2017-09,20.39
52,2017-10,17.37867298578199
52,2017-11,10.596491228070175
52,2017-12,7.4624113475177305
55,2015-01,8.756276686592656
55,2015-02,8.472847682119205
55,2015-03,12.135199321458863
55,2015-04,15.941467727674624
55,2015-05,21.070247229326515
55,2015-06,24.854655172413793
55,2015-07,29.423247863247862
55,2015-08,27.150797649034423
55,2015-09,22.84770318021201
55,2015-10,17.277200335289187
55,2015-11,13.248426573426574
55,2015-12,8.552719406674907
55,2016-01,8.781064073226544
55,2016-02,11.655930087390761
55,2016-03,11.958227848101265
55,2016-04,17.38140969162996
55,2016-05,18.607541696881796
55,2016-06,22.639074733096088
55,2016-07,26.550942079553383
55,2016-08,25.774377942165433
55,2016-09,22.667609489051095
55,2016-10,17.50341726618705
55,2016-11,13.077394636015326
55,2016-12,9.415204678362572
55,2017-01,6.8706371191135736
55,2017-02,11.273718791064388
55,2017-03,14.203669724770643
55,2017-04,14.820913107511045
55,2017-05,21.279784688995218
55,2017-06,26.81279799247177
55,2017-07,28.031979695431474
55,2017-08,30.401201923076922
55,2017-09,21.429268292682927
55,2017-10,18.601909307875893
55,2017-11,11.414005602240897
55,2017-12,8.089851485148515
56,2015-01,8.075553319919518
56,2015-02,8.724324324324325
56,2015-03,11.969354838709679
56,2015-04,14.550785340314135
56,2015-05,18.04123711340206
56,2015-06,23.00295047418335
56,2015-07,27.4593588417787
56,2015-08,25.970721649484535
56,2015-09,22.278131634819534
56,2015-10,16.837230769230768
56,2015-11,13.14311064718163
56,2015-12,9.07257085020243
56,2016-01,9.954783484390736
56,2016-02,11.892207792207792
56,2016-03,11.34918864097363
56,2016-04,15.855268595041322
56,2016-05,17.7948432760364
56,2016-06,23.2484375
56,2016-07,25.79969167523124
56,2016-08,24.705061983471076
56,2016-09,21.724029380902415
56,2016-10,17.754663991975928
56,2016-11,13.041721854304635
56,2016-12,8.952173913043477
56,2017-01,6.05111821086262
56,2017-02,10.319127516778522
56,2017-03,11.995344129554656
56,2017-04,14.132774869109946
56,2017-05,19.10183299389002
56,2017-06,25.029891304347824
56,2017-07,26.012525252525254
56,2017-08,26.53029682702149
56,2017-09,21.26224814422057
56,2017-10,16.768989898989897
56,2017-11,13.117523609653725
56,2017-12,8.743703703703703
57,2015-01,10.04943147815679
57,2015-02,9.427807486631016
57,2015-03,12.363154689403167
57,2015-04,14.830540037243948
57,2015-05,19.88913443830571
57,2015-06,20.60655737704918
57,2015-12,9.81416083916084
57,2016-01,10.602019352124527
57,2016-02,12.734248424842484
57,2016-03,12.115776188472866
57,2016-04,16.949848156182213
57,2016-05,18.3866281469253
57,2016-06,22.7198684828558
57,2016-07,26.370726714431935
57,2016-08,25.968434237995826
57,2016-09,22.267098214285717
57,2016-10,18.455068168346177
57,2016-11,13.87850821744627
57,2016-12,9.86656856974691
57,2017-01,6.714138349514563
57,2017-02,11.64192462987887
57,2017-03,13.276081871345028
57,2017-04,15.08683574879227
57,2017-05,20.089375364856974
57,2017-06,24.865976871576386
57,2017-07,26.904705882352943
57,2017-08,27.557565011820333
57,2017-09,21.150914634146343
57,2017-10,18.05695981362842
57,2017-11,12.930907997594707
57,2017-12,9.316344858554109
