SiteId,Month,number_of_holidays
1,2014-01,2
1,2014-02,1
1,2014-05,1
1,2014-07,1
1,2014-09,1
1,2014-11,4
1,2014-12,3
1,2015-01,2
1,2015-02,1
1,2015-05,1
1,2015-07,2
1,2015-09,1
1,2015-11,3
1,2015-12,3
1,2016-01,2
1,2016-02,1
1,2016-05,1
1,2016-07,1
1,2016-09,1
1,2016-11,4
1,2016-12,6
1,2017-01,3
1,2017-02,1
1,2017-05,1
1,2017-07,1
1,2017-09,1
1,2017-11,4
1,2017-12,8
1,2018-01,1
12,2016-01,2
12,2016-02,1
12,2016-03,1
12,2016-05,1
12,2016-07,1
12,2016-09,1
12,2016-11,3
12,2016-12,2
12,2017-01,3
12,2017-02,1
12,2017-03,1
12,2017-05,1
12,2017-07,1
12,2017-09,1
12,2017-11,4
12,2017-12,1
13,2014-01,2
13,2014-02,1
13,2014-04,1
13,2014-05,1
13,2014-06,1
13,2014-07,1
13,2014-09,1
13,2014-10,1
13,2014-11,2
13,2014-12,1
13,2015-01,2
13,2015-02,1
13,2015-04,1
13,2015-05,1
13,2015-06,1
13,2015-07,2
13,2015-09,1
13,2015-10,1
13,2015-11,2
13,2015-12,1
13,2016-01,2
13,2016-02,1
13,2016-04,1
13,2016-05,1
13,2016-06,1
13,2016-07,1
13,2016-09,1
13,2016-10,1
13,2016-11,2
13,2016-12,2
13,2017-01,3
13,2017-02,1
13,2017-04,1
13,2017-05,1
13,2017-06,1
13,2017-07,1
13,2017-09,1
13,2017-10,1
13,2017-11,3
13,2017-12,1
14,2014-01,2
14,2014-04,1
14,2014-05,2
14,2014-07,1
14,2014-09,1
14,2014-10,1
14,2014-11,4
14,2014-12,2
14,2015-01,2
14,2015-04,1
14,2015-05,1
14,2015-07,2
14,2015-09,1
14,2015-10,1
14,2015-11,3
14,2015-12,2
14,2016-01,2
14,2016-03,1
14,2016-05,2
14,2016-07,1
14,2016-09,1
14,2016-10,1
14,2016-11,4
14,2016-12,3
14,2017-01,3
14,2017-04,1
14,2017-05,1
14,2017-07,1
14,2017-09,1
14,2017-10,1
14,2017-11,4
14,2017-12,2
15,2014-01,2
15,2014-02,1
15,2014-05,1
15,2014-06,1
15,2014-07,1
15,2014-09,1
15,2014-10,1
15,2014-11,4
15,2014-12,1
15,2015-01,2
15,2015-02,1
15,2015-05,1
15,2015-06,2
15,2015-07,2
15,2015-09,1
15,2015-10,1
15,2015-11,3
15,2015-12,1
15,2016-01,2
15,2016-02,1
15,2016-05,1
15,2016-06,1
15,2016-07,1
15,2016-09,1
15,2016-10,1
15,2016-11,4
15,2016-12,2
16,2014-01,4
16,2014-02,1
16,2014-03,2
16,2014-04,1
16,2014-05,1
16,2014-06,1
16,2014-07,1
16,2014-08,1
16,2014-09,1
16,2014-11,3
16,2014-12,3
16,2015-01,3
16,2015-02,1
16,2015-03,1
16,2015-04,1
16,2015-05,1
16,2015-06,1
16,2015-07,2
16,2015-08,1
16,2015-09,1
16,2015-11,3
16,2015-12,4
16,2016-01,3
16,2016-02,1
16,2016-03,1
16,2016-04,1
16,2016-05,1
16,2016-06,2
16,2016-07,1
16,2016-08,2
16,2016-09,1
16,2016-11,3
16,2016-12,5
16,2017-01,4
16,2017-02,1
16,2017-03,1
16,2017-04,1
16,2017-05,1
16,2017-06,1
16,2017-07,1
16,2017-08,2
16,2017-09,1
16,2017-11,4
16,2017-12,6
17,2014-01,2
17,2014-02,1
17,2014-03,1
17,2014-04,1
17,2014-05,1
17,2014-07,1
17,2014-09,1
17,2014-11,3
17,2014-12,1
17,2015-01,2
17,2015-02,2
17,2015-04,1
17,2015-05,1
17,2015-07,2
17,2015-09,1
17,2015-11,2
17,2015-12,1
17,2016-01,2
17,2016-02,2
17,2016-03,1
17,2016-05,1
17,2016-07,1
17,2016-09,1
17,2016-11,3
17,2016-12,2
17,2017-01,3
17,2017-02,2
17,2017-04,1
17,2017-05,1
17,2017-07,1
17,2017-09,1
17,2017-11,3
17,2017-12,1
18,2014-01,2
18,2014-02,1
18,2014-03,1
18,2014-04,1
18,2014-05,1
18,2014-07,1
18,2014-09,1
18,2014-11,3
18,2014-12,1
18,2015-01,2
18,2015-02,2
18,2015-04,1
18,2015-05,1
18,2015-07,2
18,2015-09,1
18,2015-11,2
18,2015-12,1
18,2016-01,2
18,2016-02,2
18,2016-03,1
18,2016-05,1
18,2016-07,1
18,2016-09,1
18,2016-11,3
18,2016-12,2
18,2017-01,3
18,2017-02,2
18,2017-04,1
18,2017-05,1
18,2017-07,1
18,2017-09,1
18,2017-11,3
18,2017-12,1
20,2015-01,2
20,2015-02,1
20,2015-04,1
20,2015-05,1
20,2015-07,2
20,2015-09,1
20,2015-11,2
20,2015-12,2
20,2016-01,2
20,2016-02,1
20,2016-03,1
20,2016-05,1
20,2016-07,1
20,2016-09,1
20,2016-11,2
20,2016-12,4
20,2017-01,3
20,2017-02,1
20,2017-04,1
20,2017-05,1
20,2017-07,1
20,2017-09,1
20,2017-11,3
20,2017-12,5
21,2014-01,1
21,2014-04,1
21,2014-05,3
21,2014-06,1
21,2014-07,1
21,2014-08,1
21,2014-11,2
21,2014-12,1
21,2015-01,1
21,2015-04,1
21,2015-05,4
21,2015-07,1
21,2015-08,1
21,2015-11,2
21,2015-12,1
21,2016-01,1
21,2016-03,1
21,2016-05,4
21,2016-07,1
21,2016-08,1
21,2016-11,2
21,2016-12,1
21,2017-01,1
21,2017-04,1
21,2017-05,3
21,2017-06,1
21,2017-07,1
21,2017-08,1
21,2017-11,2
21,2017-12,1
22,2014-01,1
22,2014-04,1
22,2014-05,3
22,2014-06,1
22,2014-07,1
22,2014-08,1
22,2014-11,2
22,2014-12,1
22,2015-01,1
22,2015-04,1
22,2015-05,4
22,2015-07,1
22,2015-08,1
22,2015-11,2
22,2015-12,1
22,2016-01,1
22,2016-03,1
22,2016-05,4
22,2016-07,1
22,2016-08,1
22,2016-11,2
22,2016-12,1
22,2017-01,1
22,2017-04,1
22,2017-05,3
22,2017-06,1
22,2017-07,1
22,2017-08,1
22,2017-11,2
22,2017-12,1
23,2014-01,2
23,2014-04,2
23,2014-05,1
23,2014-06,1
23,2014-08,1
23,2014-11,1
23,2014-12,3
23,2015-01,2
23,2015-04,2
23,2015-05,1
23,2015-06,1
23,2015-08,1
23,2015-11,1
23,2015-12,3
23,2016-01,2
23,2016-03,1
23,2016-04,1
23,2016-05,1
23,2016-06,1
23,2016-08,1
23,2016-11,1
23,2016-12,3
25,2014-01,1
25,2014-04,1
25,2014-05,2
25,2014-06,1
25,2014-07,1
25,2014-08,1
25,2014-11,2
25,2014-12,1
25,2015-01,1
25,2015-04,1
25,2015-05,3
25,2015-07,1
25,2015-08,1
25,2015-11,2
25,2015-12,1
25,2016-01,1
25,2016-03,1
25,2016-05,3
25,2016-07,1
25,2016-08,1
25,2016-11,2
25,2016-12,1
25,2017-01,1
25,2017-04,1
25,2017-05,2
25,2017-06,1
25,2017-07,1
25,2017-08,1
25,2017-11,2
25,2017-12,1
26,2014-01,2
26,2014-04,2
26,2014-05,1
26,2014-06,1
26,2014-08,1
26,2014-11,1
26,2014-12,3
26,2015-01,2
26,2015-04,2
26,2015-05,1
26,2015-06,1
26,2015-08,1
26,2015-11,1
26,2015-12,3
26,2016-01,2
26,2016-03,1
26,2016-04,1
26,2016-05,1
26,2016-06,1
26,2016-08,1
26,2016-11,1
26,2016-12,3
26,2017-01,2
26,2017-04,2
26,2017-05,1
26,2017-06,1
26,2017-08,1
26,2017-11,1
26,2017-12,3
27,2014-01,2
27,2014-04,2
27,2014-05,1
27,2014-06,1
27,2014-08,1
27,2014-11,1
27,2014-12,3
27,2015-01,2
27,2015-04,2
27,2015-05,1
27,2015-06,1
27,2015-08,1
27,2015-11,1
27,2015-12,3
27,2016-01,2
27,2016-03,1
27,2016-04,1
27,2016-05,1
27,2016-06,1
27,2016-08,1
27,2016-11,1
27,2016-12,3
27,2017-01,2
27,2017-04,2
27,2017-05,1
27,2017-06,1
27,2017-08,1
27,2017-11,1
27,2017-12,3
29,2015-01,2
29,2015-04,3
29,2015-05,4
29,2015-08,1
29,2015-12,2
29,2016-01,2
29,2016-03,3
29,2016-05,4
29,2016-08,1
29,2016-12,2
29,2017-01,2
29,2017-04,3
29,2017-05,2
29,2017-06,2
29,2017-08,1
29,2017-12,2
32,2015-01,1
32,2015-04,1
32,2015-05,4
32,2015-07,1
32,2015-08,1
32,2015-11,2
32,2015-12,1
32,2016-01,1
32,2016-03,1
32,2016-05,4
32,2016-07,1
32,2016-08,1
32,2016-11,2
32,2016-12,1
32,2017-01,1
32,2017-04,1
32,2017-05,3
32,2017-06,1
32,2017-07,1
32,2017-08,1
32,2017-11,2
32,2017-12,1
33,2014-01,1
33,2014-04,1
33,2014-05,3
33,2014-06,1
33,2014-07,1
33,2014-08,1
33,2014-11,2
33,2014-12,1
33,2015-01,1
33,2015-04,1
33,2015-05,4
33,2015-07,1
33,2015-08,1
33,2015-11,2
33,2015-12,1
33,2016-01,1
33,2016-03,1
33,2016-05,4
33,2016-07,1
33,2016-08,1
33,2016-11,2
33,2016-12,1
33,2017-01,1
33,2017-04,1
33,2017-05,3
33,2017-06,1
33,2017-07,1
33,2017-08,1
33,2017-11,2
33,2017-12,1
34,2015-01,1
34,2015-04,1
34,2015-05,4
34,2015-07,1
34,2015-08,1
34,2015-11,2
34,2015-12,1
34,2016-01,1
34,2016-03,1
34,2016-05,4
34,2016-07,1
34,2016-08,1
34,2016-11,2
34,2016-12,1
34,2017-01,1
34,2017-04,1
34,2017-05,3
34,2017-06,1
34,2017-07,1
34,2017-08,1
34,2017-11,2
34,2017-12,1
39,2015-01,1
39,2015-04,1
39,2015-05,4
39,2015-07,1
39,2015-08,1
39,2015-11,2
39,2015-12,1
39,2016-01,1
39,2016-03,1
39,2016-05,4
39,2016-07,1
39,2016-08,1
39,2016-11,2
39,2016-12,1
39,2017-01,1
39,2017-04,1
39,2017-05,3
39,2017-06,1
39,2017-07,1
39,2017-08,1
39,2017-11,2
39,2017-12,1
40,2015-01,1
40,2015-04,1
40,2015-05,4
40,2015-07,1
40,2015-08,1
40,2015-11,2
40,2015-12,1
40,2016-01,1
40,2016-03,1
40,2016-05,4
40,2016-07,1
40,2016-08,1
40,2016-11,2
40,2016-12,1
40,2017-01,1
40,2017-04,1
40,2017-05,3
40,2017-06,1
40,2017-07,1
40,2017-08,1
40,2017-11,2
40,2017-12,1
42,2015-01,2
42,2015-04,2
42,2015-05,1
42,2015-06,1
42,2015-08,1
42,2015-11,1
42,2015-12,3
42,2016-01,2
42,2016-03,1
42,2016-04,1
42,2016-05,1
42,2016-06,1
42,2016-08,1
42,2016-11,1
42,2016-12,3
42,2017-01,2
42,2017-04,2
42,2017-05,1
42,2017-06,1
42,2017-08,1
42,2017-11,1
42,2017-12,3
43,2015-01,1
43,2015-02,1
43,2015-04,3
43,2015-05,1
43,2015-06,1
43,2015-08,1
43,2015-12,2
43,2016-01,1
43,2016-02,1
43,2016-03,2
43,2016-04,1
43,2016-05,1
43,2016-06,1
43,2016-08,1
43,2016-12,2
43,2017-01,1
43,2017-02,1
43,2017-04,3
43,2017-05,1
43,2017-06,1
43,2017-08,1
43,2017-12,2
44,2015-01,2
44,2015-04,2
44,2015-05,1
44,2015-06,1
44,2015-08,1
44,2015-11,1
44,2015-12,3
44,2016-01,2
44,2016-03,1
44,2016-04,1
44,2016-05,1
44,2016-06,1
44,2016-08,1
44,2016-11,1
44,2016-12,3
44,2017-01,2
44,2017-04,2
44,2017-05,1
44,2017-06,1
44,2017-08,1
44,2017-11,1
44,2017-12,3
45,2015-01,2
45,2015-04,2
45,2015-05,1
45,2015-06,1
45,2015-08,1
45,2015-11,1
45,2015-12,3
45,2016-01,2
45,2016-03,1
45,2016-04,1
45,2016-05,1
45,2016-06,1
45,2016-08,1
45,2016-11,1
45,2016-12,3
45,2017-01,2
45,2017-04,2
45,2017-05,1
45,2017-06,1
45,2017-08,1
45,2017-11,1
45,2017-12,3
46,2016-01,2
46,2016-03,1
46,2016-04,1
46,2016-05,1
46,2016-06,1
46,2016-08,1
46,2016-11,1
46,2016-12,3
46,2017-01,2
46,2017-04,2
46,2017-05,1
46,2017-06,1
46,2017-08,1
46,2017-11,1
46,2017-12,3
47,2015-01,2
47,2015-04,2
47,2015-05,1
47,2015-06,1
47,2015-08,1
47,2015-11,1
47,2015-12,3
47,2016-01,2
47,2016-03,1
47,2016-04,1
47,2016-05,1
47,2016-06,1
47,2016-08,1
47,2016-11,1
47,2016-12,3
47,2017-01,2
47,2017-04,2
47,2017-05,1
47,2017-06,1
47,2017-08,1
47,2017-11,1
47,2017-12,3
48,2015-01,2
48,2015-04,2
48,2015-05,1
48,2015-06,1
48,2015-08,1
48,2015-11,1
48,2015-12,3
48,2016-01,2
48,2016-03,1
48,2016-04,1
48,2016-05,1
48,2016-06,1
48,2016-08,1
48,2016-11,1
48,2016-12,3
48,2017-01,2
48,2017-04,2
48,2017-05,1
48,2017-06,1
48,2017-08,1
48,2017-11,1
48,2017-12,3
49,2015-01,2
49,2015-04,2
49,2015-05,1
49,2015-06,1
49,2015-08,1
49,2015-11,1
49,2015-12,3
49,2016-01,2
49,2016-03,1
49,2016-04,1
49,2016-05,1
49,2016-06,1
49,2016-08,1
49,2016-11,1
49,2016-12,3
49,2017-01,2
49,2017-04,2
49,2017-05,1
49,2017-06,1
49,2017-08,1
49,2017-11,1
49,2017-12,3
50,2015-01,2
50,2015-04,2
50,2015-05,1
50,2015-06,1
50,2015-08,1
50,2015-11,1
50,2015-12,3
50,2016-01,2
50,2016-03,1
50,2016-04,1
50,2016-05,1
50,2016-06,1
50,2016-08,1
50,2016-11,1
50,2016-12,3
50,2017-01,2
50,2017-04,2
50,2017-05,1
50,2017-06,1
50,2017-08,1
50,2017-11,1
50,2017-12,3
51,2015-01,2
51,2015-04,2
51,2015-05,1
51,2015-06,1
51,2015-08,1
51,2015-11,1
51,2015-12,3
51,2016-01,2
51,2016-03,1
51,2016-04,1
51,2016-05,1
51,2016-06,1
51,2016-08,1
51,2016-11,1
51,2016-12,3
51,2017-01,2
51,2017-04,2
51,2017-05,1
51,2017-06,1
51,2017-08,1
51,2017-11,1
51,2017-12,3
52,2016-01,2
52,2016-03,1
52,2016-04,1
52,2016-05,1
52,2016-06,1
52,2016-08,1
52,2016-11,1
52,2016-12,3
52,2017-01,2
52,2017-04,2
52,2017-05,1
52,2017-06,1
52,2017-08,1
52,2017-11,1
52,2017-12,3
53,2016-01,2
53,2016-03,1
53,2016-04,1
53,2016-05,1
53,2016-06,1
53,2016-08,1
53,2016-11,1
53,2016-12,3
53,2017-01,2
53,2017-04,2
53,2017-05,1
53,2017-06,1
53,2017-08,1
53,2017-11,1
53,2017-12,3
54,2015-01,2
54,2015-04,2
54,2015-05,1
54,2015-06,1
54,2015-08,1
54,2015-11,1
54,2015-12,3
54,2016-01,2
54,2016-03,1
54,2016-04,1
54,2016-05,1
54,2016-06,1
54,2016-08,1
54,2016-11,1
54,2016-12,3
54,2017-01,2
54,2017-04,2
54,2017-05,1
54,2017-06,1
54,2017-08,1
54,2017-11,1
54,2017-12,3
57,2015-01,2
57,2015-04,2
57,2015-05,1
57,2015-06,1
57,2015-08,1
57,2015-11,1
57,2015-12,3
57,2016-01,2
57,2016-03,1
57,2016-04,1
57,2016-05,1
57,2016-06,1
57,2016-08,1
57,2016-11,1
57,2016-12,3
57,2017-01,2
57,2017-04,2
57,2017-05,1
57,2017-06,1
57,2017-08,1
57,2017-11,1
57,2017-12,3
58,2015-01,2
58,2015-04,2
58,2015-05,1
58,2015-06,1
58,2015-08,1
58,2015-11,1
58,2015-12,3
58,2016-01,2
58,2016-03,1
58,2016-04,1
58,2016-05,1
58,2016-06,1
58,2016-08,1
58,2016-11,1
58,2016-12,3
58,2017-01,2
58,2017-04,2
58,2017-05,1
58,2017-06,1
58,2017-08,1
58,2017-11,1
58,2017-12,3
59,2016-01,2
59,2016-03,1
59,2016-04,1
59,2016-05,1
59,2016-06,1
59,2016-08,1
59,2016-11,1
59,2016-12,3
59,2017-01,2
59,2017-04,2
59,2017-05,1
59,2017-06,1
59,2017-08,1
59,2017-11,1
59,2017-12,3
60,2015-01,2
60,2015-04,2
60,2015-05,1
60,2015-06,1
60,2015-08,1
60,2015-11,1
60,2015-12,3
60,2016-01,2
60,2016-03,1
60,2016-04,1
60,2016-05,1
60,2016-06,1
60,2016-08,1
60,2016-11,1
60,2016-12,3
60,2017-01,2
60,2017-04,2
60,2017-05,1
60,2017-06,1
60,2017-08,1
60,2017-11,1
60,2017-12,3
61,2015-01,2
61,2015-04,2
61,2015-05,1
61,2015-06,1
61,2015-08,1
61,2015-11,1
61,2015-12,3
61,2016-01,2
61,2016-03,1
61,2016-04,1
61,2016-05,1
61,2016-06,1
61,2016-08,1
61,2016-11,1
61,2016-12,3
61,2017-01,2
61,2017-04,2
61,2017-05,1
61,2017-06,1
61,2017-08,1
61,2017-11,1
61,2017-12,3
62,2015-01,2
62,2015-04,2
62,2015-05,1
62,2015-06,1
62,2015-08,1
62,2015-11,1
62,2015-12,3
62,2016-01,2
62,2016-03,1
62,2016-04,1
62,2016-05,1
62,2016-06,1
62,2016-08,1
62,2016-11,1
62,2016-12,3
62,2017-01,2
62,2017-04,2
62,2017-05,1
62,2017-06,1
62,2017-08,1
62,2017-11,1
62,2017-12,3
63,2015-01,2
63,2015-04,2
63,2015-05,1
63,2015-06,1
63,2015-08,1
63,2015-11,1
63,2015-12,3
63,2016-01,2
63,2016-03,1
63,2016-04,1
63,2016-05,1
63,2016-06,1
63,2016-08,1
63,2016-11,1
63,2016-12,3
63,2017-01,2
63,2017-04,2
63,2017-05,1
63,2017-06,1
63,2017-08,1
63,2017-11,1
63,2017-12,3
64,2016-01,2
64,2016-03,1
64,2016-04,1
64,2016-05,1
64,2016-06,1
64,2016-08,1
64,2016-11,1
64,2016-12,3
64,2017-01,2
64,2017-04,2
64,2017-05,1
64,2017-06,1
64,2017-08,1
64,2017-11,1
64,2017-12,3
65,2015-01,2
65,2015-04,2
65,2015-05,1
65,2015-06,1
65,2015-08,1
65,2015-11,1
65,2015-12,3
65,2016-01,2
65,2016-03,1
65,2016-04,1
65,2016-05,1
65,2016-06,1
65,2016-08,1
65,2016-11,1
65,2016-12,3
65,2017-01,2
65,2017-04,2
65,2017-05,1
65,2017-06,1
65,2017-08,1
65,2017-11,1
65,2017-12,3
66,2015-01,2
66,2015-04,2
66,2015-05,1
66,2015-06,1
66,2015-08,1
66,2015-11,1
66,2015-12,3
66,2016-01,2
66,2016-03,1
66,2016-04,1
66,2016-05,1
66,2016-06,1
66,2016-08,1
66,2016-11,1
66,2016-12,3
66,2017-01,2
66,2017-04,2
66,2017-05,1
66,2017-06,1
66,2017-08,1
66,2017-11,1
66,2017-12,3
67,2016-01,2
67,2016-03,1
67,2016-04,1
67,2016-05,1
67,2016-06,1
67,2016-08,1
67,2016-11,1
67,2016-12,3
67,2017-01,2
67,2017-04,2
67,2017-05,1
67,2017-06,1
67,2017-08,1
67,2017-11,1
67,2017-12,3
68,2015-01,2
68,2015-04,2
68,2015-05,1
68,2015-06,1
68,2015-08,1
68,2015-11,1
68,2015-12,3
68,2016-01,2
68,2016-03,1
68,2016-04,1
68,2016-05,1
68,2016-06,1
68,2016-08,1
68,2016-11,1
68,2016-12,3
68,2017-01,2
68,2017-04,2
68,2017-05,1
68,2017-06,1
68,2017-08,1
68,2017-11,1
68,2017-12,3
69,2016-01,2
69,2016-03,1
69,2016-04,1
69,2016-05,1
69,2016-06,1
69,2016-08,1
69,2016-11,1
69,2016-12,3
69,2017-01,2
69,2017-04,2
69,2017-05,1
69,2017-06,1
69,2017-08,1
69,2017-11,1
69,2017-12,3
70,2016-01,1
70,2016-03,1
70,2016-05,4
70,2016-07,1
70,2016-08,1
70,2016-11,2
70,2016-12,1
70,2017-01,1
70,2017-04,1
70,2017-05,3
70,2017-06,1
70,2017-07,1
70,2017-08,1
70,2017-11,2
70,2017-12,1
72,2015-01,2
72,2015-04,2
72,2015-05,1
72,2015-06,1
72,2015-08,1
72,2015-11,1
72,2015-12,3
72,2016-01,2
72,2016-03,1
72,2016-04,1
72,2016-05,1
72,2016-06,1
72,2016-08,1
72,2016-11,1
72,2016-12,3
72,2017-01,2
72,2017-04,2
72,2017-05,1
72,2017-06,1
72,2017-08,1
72,2017-11,1
72,2017-12,3
73,2015-01,2
73,2015-04,2
73,2015-05,1
73,2015-06,1
73,2015-08,1
73,2015-11,1
73,2015-12,3
73,2016-01,2
73,2016-03,1
73,2016-04,1
73,2016-05,1
73,2016-06,1
73,2016-08,1
73,2016-11,1
73,2016-12,3
73,2017-01,2
73,2017-04,2
73,2017-05,1
73,2017-06,1
73,2017-08,1
73,2017-11,1
73,2017-12,3
74,2015-01,2
74,2015-04,2
74,2015-05,1
74,2015-06,1
74,2015-08,1
74,2015-11,1
74,2015-12,3
74,2016-01,2
74,2016-03,1
74,2016-04,1
74,2016-05,1
74,2016-06,1
74,2016-08,1
74,2016-11,1
74,2016-12,3
74,2017-01,2
74,2017-04,2
74,2017-05,1
74,2017-06,1
74,2017-08,1
74,2017-11,1
74,2017-12,3
75,2016-01,2
75,2016-03,1
75,2016-04,1
75,2016-05,1
75,2016-06,1
75,2016-08,1
75,2016-11,1
75,2016-12,3
75,2017-01,2
75,2017-04,2
75,2017-05,1
75,2017-06,1
75,2017-08,1
75,2017-11,1
75,2017-12,3
76,2015-01,2
76,2015-04,2
76,2015-05,1
76,2015-06,1
76,2015-08,1
76,2015-11,1
76,2015-12,3
76,2016-01,2
76,2016-03,1
76,2016-04,1
76,2016-05,1
76,2016-06,1
76,2016-08,1
76,2016-11,1
76,2016-12,3
76,2017-01,2
76,2017-04,2
76,2017-05,1
76,2017-06,1
76,2017-08,1
76,2017-11,1
76,2017-12,3
77,2014-01,1
77,2014-03,1
77,2014-04,3
77,2014-05,1
77,2014-06,1
77,2014-08,1
77,2014-12,2
77,2015-01,1
77,2015-02,1
77,2015-04,3
77,2015-05,1
77,2015-06,1
77,2015-08,1
77,2015-12,2
77,2016-01,1
77,2016-02,1
77,2016-03,2
77,2016-04,1
77,2016-05,1
77,2016-06,1
77,2016-08,1
77,2016-12,2
78,2014-01,1
78,2014-03,1
78,2014-04,3
78,2014-05,1
78,2014-06,1
78,2014-08,1
78,2014-12,2
78,2015-01,1
78,2015-02,1
78,2015-04,3
78,2015-05,1
78,2015-06,1
78,2015-08,1
78,2015-12,2
78,2016-01,1
78,2016-02,1
78,2016-03,2
78,2016-04,1
78,2016-05,1
78,2016-06,1
78,2016-08,1
78,2016-12,2
83,2015-01,2
83,2015-04,2
83,2015-05,1
83,2015-06,1
83,2015-08,1
83,2015-11,1
83,2015-12,3
83,2016-01,2
83,2016-03,1
83,2016-04,1
83,2016-05,1
83,2016-06,1
83,2016-08,1
83,2016-11,1
83,2016-12,3
83,2017-01,2
83,2017-04,2
83,2017-05,1
83,2017-06,1
83,2017-08,1
83,2017-11,1
83,2017-12,3
84,2015-01,2
84,2015-04,2
84,2015-05,1
84,2015-06,1
84,2015-08,1
84,2015-11,1
84,2015-12,3
84,2016-01,2
84,2016-03,1
84,2016-04,1
84,2016-05,1
84,2016-06,1
84,2016-08,1
84,2016-11,1
84,2016-12,3
84,2017-01,2
84,2017-04,2
84,2017-05,1
84,2017-06,1
84,2017-08,1
84,2017-11,1
84,2017-12,3
85,2015-01,2
85,2015-04,2
85,2015-05,1
85,2015-06,1
85,2015-08,1
85,2015-11,1
85,2015-12,3
85,2016-01,2
85,2016-03,1
85,2016-04,1
85,2016-05,1
85,2016-06,1
85,2016-08,1
85,2016-11,1
85,2016-12,3
85,2017-01,2
85,2017-04,2
85,2017-05,1
85,2017-06,1
85,2017-08,1
85,2017-11,1
85,2017-12,3
86,2014-01,2
86,2014-04,2
86,2014-05,1
86,2014-06,1
86,2014-08,1
86,2014-11,1
86,2014-12,3
86,2015-01,2
86,2015-04,2
86,2015-05,1
86,2015-06,1
86,2015-08,1
86,2015-11,1
86,2015-12,3
86,2016-01,2
86,2016-03,1
86,2016-04,1
86,2016-05,1
86,2016-06,1
86,2016-08,1
86,2016-11,1
86,2016-12,3
86,2017-01,2
86,2017-04,2
86,2017-05,1
86,2017-06,1
86,2017-08,1
86,2017-11,1
86,2017-12,3
87,2014-01,2
87,2014-04,2
87,2014-05,1
87,2014-06,1
87,2014-08,1
87,2014-11,1
87,2014-12,3
87,2015-01,2
87,2015-04,2
87,2015-05,1
87,2015-06,1
87,2015-08,1
87,2015-11,1
87,2015-12,3
87,2016-01,2
87,2016-03,1
87,2016-04,1
87,2016-05,1
87,2016-06,1
87,2016-08,1
87,2016-11,1
87,2016-12,3
87,2017-01,2
87,2017-04,2
87,2017-05,1
87,2017-06,1
87,2017-08,1
87,2017-11,1
87,2017-12,3
88,2015-01,2
88,2015-04,2
88,2015-05,1
88,2015-06,1
88,2015-08,1
88,2015-11,1
88,2015-12,3
88,2016-01,2
88,2016-03,1
88,2016-04,1
88,2016-05,1
88,2016-06,1
88,2016-08,1
88,2016-11,1
88,2016-12,3
88,2017-01,2
88,2017-04,2
88,2017-05,1
88,2017-06,1
88,2017-08,1
88,2017-11,1
88,2017-12,3
89,2015-01,2
89,2015-04,2
89,2015-05,1
89,2015-06,1
89,2015-08,1
89,2015-11,1
89,2015-12,3
89,2016-01,2
89,2016-03,1
89,2016-04,1
89,2016-05,1
89,2016-06,1
89,2016-08,1
89,2016-11,1
89,2016-12,3
89,2017-01,2
89,2017-04,2
89,2017-05,1
89,2017-06,1
89,2017-08,1
89,2017-11,1
89,2017-12,3
90,2015-01,2
90,2015-04,2
90,2015-05,1
90,2015-06,1
90,2015-08,1
90,2015-11,1
90,2015-12,3
90,2016-01,2
90,2016-03,1
90,2016-04,1
90,2016-05,1
90,2016-06,1
90,2016-08,1
90,2016-11,1
90,2016-12,3
90,2017-01,2
90,2017-04,2
90,2017-05,1
90,2017-06,1
90,2017-08,1
90,2017-11,1
90,2017-12,3
92,2015-01,2
92,2015-04,2
92,2015-05,1
92,2015-06,1
92,2015-08,1
92,2015-11,1
92,2015-12,3
92,2016-01,2
92,2016-03,1
92,2016-04,1
92,2016-05,1
92,2016-06,1
92,2016-08,1
92,2016-11,1
92,2016-12,3
92,2017-01,2
92,2017-04,2
92,2017-05,1
92,2017-06,1
92,2017-08,1
92,2017-11,1
92,2017-12,3
93,2014-01,2
93,2014-04,2
93,2014-05,1
93,2014-06,1
93,2014-08,1
93,2014-11,1
93,2014-12,3
93,2015-01,2
93,2015-04,2
93,2015-05,1
93,2015-06,1
93,2015-08,1
93,2015-11,1
93,2015-12,3
93,2016-01,2
93,2016-03,1
93,2016-04,1
93,2016-05,1
93,2016-06,1
93,2016-08,1
93,2016-11,1
93,2016-12,3
93,2017-01,2
93,2017-04,2
93,2017-05,1
93,2017-06,1
93,2017-08,1
93,2017-11,1
93,2017-12,3
94,2015-01,2
94,2015-04,2
94,2015-05,1
94,2015-06,1
94,2015-08,1
94,2015-11,1
94,2015-12,3
94,2016-01,2
94,2016-03,1
94,2016-04,1
94,2016-05,1
94,2016-06,1
94,2016-08,1
94,2016-11,1
94,2016-12,3
94,2017-01,2
94,2017-04,2
94,2017-05,1
94,2017-06,1
94,2017-08,1
94,2017-11,1
94,2017-12,3
96,2015-01,2
96,2015-04,2
96,2015-05,1
96,2015-06,1
96,2015-08,1
96,2015-11,1
96,2015-12,3
96,2016-01,2
96,2016-03,1
96,2016-04,1
96,2016-05,1
96,2016-06,1
96,2016-08,1
96,2016-11,1
96,2016-12,3
96,2017-01,2
96,2017-04,2
96,2017-05,1
96,2017-06,1
96,2017-08,1
96,2017-11,1
96,2017-12,3
98,2014-01,2
98,2014-04,2
98,2014-05,1
98,2014-06,1
98,2014-08,1
98,2014-11,1
98,2014-12,3
98,2015-01,2
98,2015-04,2
98,2015-05,1
98,2015-06,1
98,2015-08,1
98,2015-11,1
98,2015-12,3
98,2016-01,2
98,2016-03,1
98,2016-04,1
98,2016-05,1
98,2016-06,1
98,2016-08,1
98,2016-11,1
98,2016-12,3
98,2017-01,2
98,2017-04,2
98,2017-05,1
98,2017-06,1
98,2017-08,1
98,2017-11,1
98,2017-12,3
99,2014-01,2
99,2014-04,2
99,2014-05,1
99,2014-06,1
99,2014-08,1
99,2014-11,1
99,2014-12,3
99,2015-01,2
99,2015-04,2
99,2015-05,1
99,2015-06,1
99,2015-08,1
99,2015-11,1
99,2015-12,3
99,2016-01,2
99,2016-03,1
99,2016-04,1
99,2016-05,1
99,2016-06,1
99,2016-08,1
99,2016-11,1
99,2016-12,3
99,2017-01,2
99,2017-04,2
99,2017-05,1
99,2017-06,1
99,2017-08,1
99,2017-11,1
99,2017-12,3
100,2015-01,2
100,2015-04,2
100,2015-05,1
100,2015-06,1
100,2015-08,1
100,2015-11,1
100,2015-12,3
100,2016-01,2
100,2016-03,1
100,2016-04,1
100,2016-05,1
100,2016-06,1
100,2016-08,1
100,2016-11,1
100,2016-12,3
100,2017-01,2
100,2017-04,2
100,2017-05,1
100,2017-06,1
100,2017-08,1
100,2017-11,1
100,2017-12,3
101,2015-01,2
101,2015-04,2
101,2015-05,1
101,2015-06,1
101,2015-08,1
101,2015-11,1
101,2015-12,3
101,2016-01,2
101,2016-03,1
101,2016-04,1
101,2016-05,1
101,2016-06,1
101,2016-08,1
101,2016-11,1
101,2016-12,3
101,2017-01,2
101,2017-04,2
101,2017-05,1
101,2017-06,1
101,2017-08,1
101,2017-11,1
101,2017-12,3
102,2015-01,2
102,2015-04,2
102,2015-05,1
102,2015-06,1
102,2015-08,1
102,2015-11,1
102,2015-12,3
102,2016-01,2
102,2016-03,1
102,2016-04,1
102,2016-05,1
102,2016-06,1
102,2016-08,1
102,2016-11,1
102,2016-12,3
102,2017-01,2
102,2017-04,2
102,2017-05,1
102,2017-06,1
102,2017-08,1
102,2017-11,1
102,2017-12,3
105,2015-01,2
105,2015-04,2
105,2015-05,1
105,2015-06,1
105,2015-08,1
105,2015-11,1
105,2015-12,3
105,2016-01,2
105,2016-03,1
105,2016-04,1
105,2016-05,1
105,2016-06,1
105,2016-08,1
105,2016-11,1
105,2016-12,3
105,2017-01,2
105,2017-04,2
105,2017-05,1
105,2017-06,1
105,2017-08,1
105,2017-11,1
105,2017-12,3
106,2013-01,2
106,2013-04,2
106,2013-05,1
106,2013-06,1
106,2013-08,1
106,2013-11,1
106,2013-12,3
106,2014-01,2
106,2014-04,2
106,2014-05,1
106,2014-06,1
106,2014-08,1
106,2014-11,1
106,2014-12,3
107,2013-01,2
107,2013-04,2
107,2013-05,1
107,2013-06,1
107,2013-08,1
107,2013-11,1
107,2013-12,3
107,2014-01,2
107,2014-04,2
107,2014-05,1
107,2014-06,1
107,2014-08,1
107,2014-11,1
107,2014-12,3
108,2015-01,2
108,2015-04,2
108,2015-05,1
108,2015-06,1
108,2015-08,1
108,2015-11,1
108,2015-12,3
108,2016-01,2
108,2016-03,1
108,2016-04,1
108,2016-05,1
108,2016-06,1
108,2016-08,1
108,2016-11,1
108,2016-12,3
108,2017-01,2
108,2017-04,2
108,2017-05,1
108,2017-06,1
108,2017-08,1
108,2017-11,1
108,2017-12,3
109,2015-01,2
109,2015-04,2
109,2015-05,1
109,2015-06,1
109,2015-08,1
109,2015-11,1
109,2015-12,3
109,2016-01,2
109,2016-03,1
109,2016-04,1
109,2016-05,1
109,2016-06,1
109,2016-08,1
109,2016-11,1
109,2016-12,3
109,2017-01,2
109,2017-04,2
109,2017-05,1
109,2017-06,1
109,2017-08,1
109,2017-11,1
109,2017-12,3
110,2015-01,2
110,2015-04,2
110,2015-05,1
110,2015-06,1
110,2015-08,1
110,2015-11,1
110,2015-12,3
110,2016-01,2
110,2016-03,1
110,2016-04,1
110,2016-05,1
110,2016-06,1
110,2016-08,1
110,2016-11,1
110,2016-12,3
110,2017-01,2
110,2017-04,2
110,2017-05,1
110,2017-06,1
110,2017-08,1
110,2017-11,1
110,2017-12,3
111,2015-01,2
111,2015-04,2
111,2015-05,1
111,2015-06,1
111,2015-08,1
111,2015-11,1
111,2015-12,3
111,2016-01,2
111,2016-03,1
111,2016-04,1
111,2016-05,1
111,2016-06,1
111,2016-08,1
111,2016-11,1
111,2016-12,3
112,2014-01,2
112,2014-04,2
112,2014-05,1
112,2014-06,1
112,2014-08,1
112,2014-11,1
112,2014-12,3
112,2015-01,2
112,2015-04,2
112,2015-05,1
112,2015-06,1
112,2015-08,1
112,2015-11,1
112,2015-12,3
112,2016-01,2
112,2016-03,1
112,2016-04,1
112,2016-05,1
112,2016-06,1
112,2016-08,1
112,2016-11,1
112,2016-12,3
115,2014-01,2
115,2014-04,2
115,2014-05,1
115,2014-06,1
115,2014-08,1
115,2014-11,1
115,2014-12,3
115,2015-01,2
115,2015-04,2
115,2015-05,1
115,2015-06,1
115,2015-08,1
115,2015-11,1
115,2015-12,3
115,2016-01,2
115,2016-03,1
115,2016-04,1
115,2016-05,1
115,2016-06,1
115,2016-08,1
115,2016-11,1
115,2016-12,3
115,2017-01,2
115,2017-04,2
115,2017-05,1
115,2017-06,1
115,2017-08,1
115,2017-11,1
115,2017-12,3
116,2015-01,2
116,2015-04,2
116,2015-05,1
116,2015-06,1
116,2015-08,1
116,2015-11,1
116,2015-12,3
116,2016-01,2
116,2016-03,1
116,2016-04,1
116,2016-05,1
116,2016-06,1
116,2016-08,1
116,2016-11,1
116,2016-12,3
116,2017-01,2
116,2017-04,2
116,2017-05,1
116,2017-06,1
116,2017-08,1
116,2017-11,1
116,2017-12,3
117,2015-01,2
117,2015-04,2
117,2015-05,1
117,2015-06,1
117,2015-08,1
117,2015-11,1
117,2015-12,3
117,2016-01,2
117,2016-03,1
117,2016-04,1
117,2016-05,1
117,2016-06,1
117,2016-08,1
117,2016-11,1
117,2016-12,3
117,2017-01,2
117,2017-04,2
117,2017-05,1
117,2017-06,1
117,2017-08,1
117,2017-11,1
117,2017-12,3
118,2014-01,2
118,2014-04,2
118,2014-05,1
118,2014-06,1
118,2014-08,1
118,2014-11,1
118,2014-12,3
118,2015-01,2
118,2015-04,2
118,2015-05,1
118,2015-06,1
118,2015-08,1
118,2015-11,1
118,2015-12,3
118,2016-01,2
118,2016-03,1
118,2016-04,1
118,2016-05,1
118,2016-06,1
118,2016-08,1
118,2016-11,1
118,2016-12,3
119,2014-01,2
119,2014-04,2
119,2014-05,1
119,2014-06,1
119,2014-08,1
119,2014-11,1
119,2014-12,3
119,2015-01,2
119,2015-04,2
119,2015-05,1
119,2015-06,1
119,2015-08,1
119,2015-11,1
119,2015-12,3
119,2016-01,2
119,2016-03,1
119,2016-04,1
119,2016-05,1
119,2016-06,1
119,2016-08,1
119,2016-11,1
119,2016-12,3
119,2017-01,2
119,2017-04,2
119,2017-05,1
119,2017-06,1
119,2017-08,1
119,2017-11,1
119,2017-12,3
120,2014-01,2
120,2014-04,2
120,2014-05,1
120,2014-06,1
120,2014-08,1
120,2014-11,1
120,2014-12,3
120,2015-01,2
120,2015-04,2
120,2015-05,1
120,2015-06,1
120,2015-08,1
120,2015-11,1
120,2015-12,3
120,2016-01,2
120,2016-03,1
120,2016-04,1
120,2016-05,1
120,2016-06,1
120,2016-08,1
120,2016-11,1
120,2016-12,3
121,2014-01,2
121,2014-04,2
121,2014-05,1
121,2014-06,1
121,2014-08,1
121,2014-11,1
121,2014-12,3
121,2015-01,2
121,2015-04,2
121,2015-05,1
121,2015-06,1
121,2015-08,1
121,2015-11,1
121,2015-12,3
121,2016-01,2
121,2016-03,1
121,2016-04,1
121,2016-05,1
121,2016-06,1
121,2016-08,1
121,2016-11,1
121,2016-12,3
121,2017-01,2
121,2017-04,2
121,2017-05,1
121,2017-06,1
121,2017-08,1
121,2017-11,1
121,2017-12,3
122,2014-01,2
122,2014-04,2
122,2014-05,1
122,2014-06,1
122,2014-08,1
122,2014-11,1
122,2014-12,3
122,2015-01,2
122,2015-04,2
122,2015-05,1
122,2015-06,1
122,2015-08,1
122,2015-11,1
122,2015-12,3
122,2016-01,2
122,2016-03,1
122,2016-04,1
122,2016-05,1
122,2016-06,1
122,2016-08,1
122,2016-11,1
122,2016-12,3
122,2017-01,2
122,2017-04,2
122,2017-05,1
122,2017-06,1
122,2017-08,1
122,2017-11,1
122,2017-12,3
123,2014-01,2
123,2014-04,2
123,2014-05,1
123,2014-06,1
123,2014-08,1
123,2014-11,1
123,2014-12,3
123,2015-01,2
123,2015-04,2
123,2015-05,1
123,2015-06,1
123,2015-08,1
123,2015-11,1
123,2015-12,3
123,2016-01,2
123,2016-03,1
123,2016-04,1
123,2016-05,1
123,2016-06,1
123,2016-08,1
123,2016-11,1
123,2016-12,3
123,2017-01,2
123,2017-04,2
123,2017-05,1
123,2017-06,1
123,2017-08,1
123,2017-11,1
123,2017-12,3
124,2014-01,2
124,2014-04,2
124,2014-05,1
124,2014-06,1
124,2014-08,1
124,2014-11,1
124,2014-12,3
124,2015-01,2
124,2015-04,2
124,2015-05,1
124,2015-06,1
124,2015-08,1
124,2015-11,1
124,2015-12,3
124,2016-01,2
124,2016-03,1
124,2016-04,1
124,2016-05,1
124,2016-06,1
124,2016-08,1
124,2016-11,1
124,2016-12,3
124,2017-01,2
124,2017-04,2
124,2017-05,1
124,2017-06,1
124,2017-08,1
124,2017-11,1
124,2017-12,3
125,2015-01,2
125,2015-04,2
125,2015-05,1
125,2015-06,1
125,2015-08,1
125,2015-11,1
125,2015-12,3
125,2016-01,2
125,2016-03,1
125,2016-04,1
125,2016-05,1
125,2016-06,1
125,2016-08,1
125,2016-11,1
125,2016-12,3
125,2017-01,2
125,2017-04,2
125,2017-05,1
125,2017-06,1
125,2017-08,1
125,2017-11,1
125,2017-12,3
126,2014-01,2
126,2014-04,2
126,2014-05,1
126,2014-06,1
126,2014-08,1
126,2014-11,1
126,2014-12,3
126,2015-01,2
126,2015-04,2
126,2015-05,1
126,2015-06,1
126,2015-08,1
126,2015-11,1
126,2015-12,3
126,2016-01,2
126,2016-03,1
126,2016-04,1
126,2016-05,1
126,2016-06,1
126,2016-08,1
126,2016-11,1
126,2016-12,3
127,2015-01,2
127,2015-04,2
127,2015-05,1
127,2015-06,1
127,2015-08,1
127,2015-11,1
127,2015-12,3
127,2016-01,2
127,2016-03,1
127,2016-04,1
127,2016-05,1
127,2016-06,1
127,2016-08,1
127,2016-11,1
127,2016-12,3
127,2017-01,2
127,2017-04,2
127,2017-05,1
127,2017-06,1
127,2017-08,1
127,2017-11,1
127,2017-12,3
128,2014-01,2
128,2014-04,2
128,2014-05,1
128,2014-06,1
128,2014-08,1
128,2014-11,1
128,2014-12,3
128,2015-01,2
128,2015-04,2
128,2015-05,1
128,2015-06,1
128,2015-08,1
128,2015-11,1
128,2015-12,3
128,2016-01,2
128,2016-03,1
128,2016-04,1
128,2016-05,1
128,2016-06,1
128,2016-08,1
128,2016-11,1
128,2016-12,3
128,2017-01,2
128,2017-04,2
128,2017-05,1
128,2017-06,1
128,2017-08,1
128,2017-11,1
128,2017-12,3
129,2014-01,2
129,2014-04,2
129,2014-05,1
129,2014-06,1
129,2014-08,1
129,2014-11,1
129,2014-12,3
129,2015-01,2
129,2015-04,2
129,2015-05,1
129,2015-06,1
129,2015-08,1
129,2015-11,1
129,2015-12,3
129,2016-01,2
129,2016-03,1
129,2016-04,1
129,2016-05,1
129,2016-06,1
129,2016-08,1
129,2016-11,1
129,2016-12,3
129,2017-01,2
129,2017-04,2
129,2017-05,1
129,2017-06,1
129,2017-08,1
129,2017-11,1
129,2017-12,3
130,2015-01,2
130,2015-04,2
130,2015-05,1
130,2015-06,1
130,2015-08,1
130,2015-11,1
130,2015-12,3
130,2016-01,2
130,2016-03,1
130,2016-04,1
130,2016-05,1
130,2016-06,1
130,2016-08,1
130,2016-11,1
130,2016-12,3
131,2014-01,2
131,2014-04,2
131,2014-05,1
131,2014-06,1
131,2014-08,1
131,2014-11,1
131,2014-12,3
131,2015-01,2
131,2015-04,2
131,2015-05,1
131,2015-06,1
131,2015-08,1
131,2015-11,1
131,2015-12,3
131,2016-01,2
131,2016-03,1
131,2016-04,1
131,2016-05,1
131,2016-06,1
131,2016-08,1
131,2016-11,1
131,2016-12,3
131,2017-01,2
131,2017-04,2
131,2017-05,1
131,2017-06,1
131,2017-08,1
131,2017-11,1
131,2017-12,3
132,2014-01,2
132,2014-04,2
132,2014-05,1
132,2014-06,1
132,2014-08,1
132,2014-11,1
132,2014-12,3
132,2015-01,2
132,2015-04,2
132,2015-05,1
132,2015-06,1
132,2015-08,1
132,2015-11,1
132,2015-12,3
132,2016-01,2
132,2016-03,1
132,2016-04,1
132,2016-05,1
132,2016-06,1
132,2016-08,1
132,2016-11,1
132,2016-12,3
132,2017-01,2
132,2017-04,2
132,2017-05,1
132,2017-06,1
132,2017-08,1
132,2017-11,1
132,2017-12,3
134,2014-01,2
134,2014-04,2
134,2014-05,1
134,2014-06,1
134,2014-08,1
134,2014-11,1
134,2014-12,3
134,2015-01,2
134,2015-04,2
134,2015-05,1
134,2015-06,1
134,2015-08,1
134,2015-11,1
134,2015-12,3
134,2016-01,2
134,2016-03,1
134,2016-04,1
134,2016-05,1
134,2016-06,1
134,2016-08,1
134,2016-11,1
134,2016-12,3
134,2017-01,2
134,2017-04,2
134,2017-05,1
134,2017-06,1
134,2017-08,1
134,2017-11,1
134,2017-12,3
135,2014-01,2
135,2014-04,2
135,2014-05,1
135,2014-06,1
135,2014-08,1
135,2014-11,1
135,2014-12,3
135,2015-01,2
135,2015-04,2
135,2015-05,1
135,2015-06,1
135,2015-08,1
135,2015-11,1
135,2015-12,3
135,2016-01,2
135,2016-03,1
135,2016-04,1
135,2016-05,1
135,2016-06,1
135,2016-08,1
135,2016-11,1
135,2016-12,3
135,2017-01,2
135,2017-04,2
135,2017-05,1
135,2017-06,1
135,2017-08,1
135,2017-11,1
135,2017-12,3
136,2015-01,2
136,2015-04,2
136,2015-05,1
136,2015-06,1
136,2015-08,1
136,2015-11,1
136,2015-12,3
136,2016-01,2
136,2016-03,1
136,2016-04,1
136,2016-05,1
136,2016-06,1
136,2016-08,1
136,2016-11,1
136,2016-12,3
136,2017-01,2
136,2017-04,2
136,2017-05,1
136,2017-06,1
136,2017-08,1
136,2017-11,1
136,2017-12,3
139,2015-01,2
139,2015-04,2
139,2015-05,1
139,2015-06,1
139,2015-08,1
139,2015-11,1
139,2015-12,3
139,2016-01,2
139,2016-03,1
139,2016-04,1
139,2016-05,1
139,2016-06,1
139,2016-08,1
139,2016-11,1
139,2016-12,3
139,2017-01,2
139,2017-04,2
139,2017-05,1
139,2017-06,1
139,2017-08,1
139,2017-11,1
139,2017-12,3
140,2015-01,2
140,2015-04,2
140,2015-05,1
140,2015-06,1
140,2015-08,1
140,2015-11,1
140,2015-12,3
140,2016-01,2
140,2016-03,1
140,2016-04,1
140,2016-05,1
140,2016-06,1
140,2016-08,1
140,2016-11,1
140,2016-12,3
140,2017-01,2
140,2017-04,2
140,2017-05,1
140,2017-06,1
140,2017-08,1
140,2017-11,1
140,2017-12,3
141,2015-01,2
141,2015-04,2
141,2015-05,1
141,2015-06,1
141,2015-08,1
141,2015-11,1
141,2015-12,3
141,2016-01,2
141,2016-03,1
141,2016-04,1
141,2016-05,1
141,2016-06,1
141,2016-08,1
141,2016-11,1
141,2016-12,3
141,2017-01,2
141,2017-04,2
141,2017-05,1
141,2017-06,1
141,2017-08,1
141,2017-11,1
141,2017-12,3
142,2014-01,2
142,2014-04,2
142,2014-05,1
142,2014-06,1
142,2014-08,1
142,2014-11,1
142,2014-12,3
142,2015-01,2
142,2015-04,2
142,2015-05,1
142,2015-06,1
142,2015-08,1
142,2015-11,1
142,2015-12,3
142,2016-01,2
142,2016-03,1
142,2016-04,1
142,2016-05,1
142,2016-06,1
142,2016-08,1
142,2016-11,1
142,2016-12,3
142,2017-01,2
142,2017-04,2
142,2017-05,1
142,2017-06,1
142,2017-08,1
142,2017-11,1
142,2017-12,3
143,2016-01,2
143,2016-03,1
143,2016-04,1
143,2016-05,1
143,2016-06,1
143,2016-08,1
143,2016-11,1
143,2016-12,3
143,2017-01,2
143,2017-04,2
143,2017-05,1
143,2017-06,1
143,2017-08,1
143,2017-11,1
143,2017-12,3
145,2014-01,2
145,2014-04,2
145,2014-05,1
145,2014-06,1
145,2014-08,1
145,2014-11,1
145,2014-12,3
145,2015-01,2
145,2015-04,2
145,2015-05,1
145,2015-06,1
145,2015-08,1
145,2015-11,1
145,2015-12,3
145,2016-01,2
145,2016-03,1
145,2016-04,1
145,2016-05,1
145,2016-06,1
145,2016-08,1
145,2016-11,1
145,2016-12,3
145,2017-01,2
145,2017-04,2
145,2017-05,1
145,2017-06,1
145,2017-08,1
145,2017-11,1
145,2017-12,3
146,2015-01,2
146,2015-04,2
146,2015-05,1
146,2015-06,1
146,2015-08,1
146,2015-11,1
146,2015-12,3
146,2016-01,2
146,2016-03,1
146,2016-04,1
146,2016-05,1
146,2016-06,1
146,2016-08,1
146,2016-11,1
146,2016-12,3
146,2017-01,2
146,2017-04,2
146,2017-05,1
146,2017-06,1
146,2017-08,1
146,2017-11,1
146,2017-12,3
148,2015-01,2
148,2015-04,2
148,2015-05,1
148,2015-06,1
148,2015-08,1
148,2015-11,1
148,2015-12,3
148,2016-01,2
148,2016-03,1
148,2016-04,1
148,2016-05,1
148,2016-06,1
148,2016-08,1
148,2016-11,1
148,2016-12,3
148,2017-01,2
148,2017-04,2
148,2017-05,1
148,2017-06,1
148,2017-08,1
148,2017-11,1
148,2017-12,3
149,2015-01,2
149,2015-04,2
149,2015-05,1
149,2015-06,1
149,2015-08,1
149,2015-11,1
149,2015-12,3
149,2016-01,2
149,2016-03,1
149,2016-04,1
149,2016-05,1
149,2016-06,1
149,2016-08,1
149,2016-11,1
149,2016-12,3
149,2017-01,2
149,2017-04,2
149,2017-05,1
149,2017-06,1
149,2017-08,1
149,2017-11,1
149,2017-12,3
150,2014-01,2
150,2014-04,2
150,2014-05,1
150,2014-06,1
150,2014-08,1
150,2014-11,1
150,2014-12,3
150,2015-01,2
150,2015-04,2
150,2015-05,1
150,2015-06,1
150,2015-08,1
150,2015-11,1
150,2015-12,3
150,2016-01,2
150,2016-03,1
150,2016-04,1
150,2016-05,1
150,2016-06,1
150,2016-08,1
150,2016-11,1
150,2016-12,3
150,2017-01,2
150,2017-04,2
150,2017-05,1
150,2017-06,1
150,2017-08,1
150,2017-11,1
150,2017-12,3
151,2014-01,2
151,2014-04,2
151,2014-05,1
151,2014-06,1
151,2014-08,1
151,2014-11,1
151,2014-12,3
151,2015-01,2
151,2015-04,2
151,2015-05,1
151,2015-06,1
151,2015-08,1
151,2015-11,1
151,2015-12,3
151,2016-01,2
151,2016-03,1
151,2016-04,1
151,2016-05,1
151,2016-06,1
151,2016-08,1
151,2016-11,1
151,2016-12,3
151,2017-01,2
151,2017-04,2
151,2017-05,1
151,2017-06,1
151,2017-08,1
151,2017-11,1
151,2017-12,3
152,2015-01,2
152,2015-04,2
152,2015-05,1
152,2015-06,1
152,2015-08,1
152,2015-11,1
152,2015-12,3
152,2016-01,2
152,2016-03,1
152,2016-04,1
152,2016-05,1
152,2016-06,1
152,2016-08,1
152,2016-11,1
152,2016-12,3
152,2017-01,2
152,2017-04,2
152,2017-05,1
152,2017-06,1
152,2017-08,1
152,2017-11,1
152,2017-12,3
153,2015-01,2
153,2015-04,2
153,2015-05,1
153,2015-06,1
153,2015-08,1
153,2015-11,1
153,2015-12,3
153,2016-01,2
153,2016-03,1
153,2016-04,1
153,2016-05,1
153,2016-06,1
153,2016-08,1
153,2016-11,1
153,2016-12,3
153,2017-01,2
153,2017-04,2
153,2017-05,1
153,2017-06,1
153,2017-08,1
153,2017-11,1
153,2017-12,3
154,2014-01,2
154,2014-04,2
154,2014-05,1
154,2014-06,1
154,2014-08,1
154,2014-11,1
154,2014-12,3
154,2015-01,2
154,2015-04,2
154,2015-05,1
154,2015-06,1
154,2015-08,1
154,2015-11,1
154,2015-12,3
154,2016-01,2
154,2016-03,1
154,2016-04,1
154,2016-05,1
154,2016-06,1
154,2016-08,1
154,2016-11,1
154,2016-12,3
154,2017-01,2
154,2017-04,2
154,2017-05,1
154,2017-06,1
154,2017-08,1
154,2017-11,1
154,2017-12,3
155,2014-01,2
155,2014-04,2
155,2014-05,1
155,2014-06,1
155,2014-08,1
155,2014-11,1
155,2014-12,3
155,2015-01,2
155,2015-04,2
155,2015-05,1
155,2015-06,1
155,2015-08,1
155,2015-11,1
155,2015-12,3
155,2016-01,2
155,2016-03,1
155,2016-04,1
155,2016-05,1
155,2016-06,1
155,2016-08,1
155,2016-11,1
155,2016-12,3
155,2017-01,2
155,2017-04,2
155,2017-05,1
155,2017-06,1
155,2017-08,1
155,2017-11,1
155,2017-12,3
156,2014-01,2
156,2014-04,2
156,2014-05,1
156,2014-06,1
156,2014-08,1
156,2014-11,1
156,2014-12,3
156,2015-01,2
156,2015-04,2
156,2015-05,1
156,2015-06,1
156,2015-08,1
156,2015-11,1
156,2015-12,3
156,2016-01,2
156,2016-03,1
156,2016-04,1
156,2016-05,1
156,2016-06,1
156,2016-08,1
156,2016-11,1
156,2016-12,3
156,2017-01,2
156,2017-04,2
156,2017-05,1
156,2017-06,1
156,2017-08,1
156,2017-11,1
156,2017-12,3
157,2014-01,2
157,2014-04,2
157,2014-05,1
157,2014-06,1
157,2014-08,1
157,2014-11,1
157,2014-12,3
157,2015-01,2
157,2015-04,2
157,2015-05,1
157,2015-06,1
157,2015-08,1
157,2015-11,1
157,2015-12,3
157,2016-01,2
157,2016-03,1
157,2016-04,1
157,2016-05,1
157,2016-06,1
157,2016-08,1
157,2016-11,1
157,2016-12,3
157,2017-01,2
157,2017-04,2
157,2017-05,1
157,2017-06,1
157,2017-08,1
157,2017-11,1
157,2017-12,3
158,2015-01,2
158,2015-04,2
158,2015-05,1
158,2015-06,1
158,2015-08,1
158,2015-11,1
158,2015-12,3
158,2016-01,2
158,2016-03,1
158,2016-04,1
158,2016-05,1
158,2016-06,1
158,2016-08,1
158,2016-11,1
158,2016-12,3
158,2017-01,2
158,2017-04,2
158,2017-05,1
158,2017-06,1
158,2017-08,1
158,2017-11,1
158,2017-12,3
159,2016-01,2
159,2016-03,1
159,2016-04,1
159,2016-05,1
159,2016-06,1
159,2016-08,1
159,2016-11,1
159,2016-12,3
159,2017-01,2
159,2017-04,2
159,2017-05,1
159,2017-06,1
159,2017-08,1
159,2017-11,1
159,2017-12,3
160,2015-01,2
160,2015-04,2
160,2015-05,1
160,2015-06,1
160,2015-08,1
160,2015-11,1
160,2015-12,3
160,2016-01,2
160,2016-03,1
160,2016-04,1
160,2016-05,1
160,2016-06,1
160,2016-08,1
160,2016-11,1
160,2016-12,3
160,2017-01,2
160,2017-04,2
160,2017-05,1
160,2017-06,1
160,2017-08,1
160,2017-11,1
160,2017-12,3
161,2014-01,2
161,2014-04,2
161,2014-05,1
161,2014-06,1
161,2014-08,1
161,2014-11,1
161,2014-12,3
161,2015-01,2
161,2015-04,2
161,2015-05,1
161,2015-06,1
161,2015-08,1
161,2015-11,1
161,2015-12,3
161,2016-01,2
161,2016-03,1
161,2016-04,1
161,2016-05,1
161,2016-06,1
161,2016-08,1
161,2016-11,1
161,2016-12,3
161,2017-01,2
161,2017-04,2
161,2017-05,1
161,2017-06,1
161,2017-08,1
161,2017-11,1
161,2017-12,3
162,2016-01,2
162,2016-03,1
162,2016-04,1
162,2016-05,1
162,2016-06,1
162,2016-08,1
162,2016-11,1
162,2016-12,3
162,2017-01,2
162,2017-04,2
162,2017-05,1
162,2017-06,1
162,2017-08,1
162,2017-11,1
162,2017-12,3
163,2014-01,2
163,2014-04,2
163,2014-05,1
163,2014-06,1
163,2014-08,1
163,2014-11,1
163,2014-12,3
163,2015-01,2
163,2015-04,2
163,2015-05,1
163,2015-06,1
163,2015-08,1
163,2015-11,1
163,2015-12,3
163,2016-01,2
163,2016-03,1
163,2016-04,1
163,2016-05,1
163,2016-06,1
163,2016-08,1
163,2016-11,1
163,2016-12,3
163,2017-01,2
163,2017-04,2
163,2017-05,1
163,2017-06,1
163,2017-08,1
163,2017-11,1
163,2017-12,3
164,2014-01,2
164,2014-04,2
164,2014-05,1
164,2014-06,1
164,2014-08,1
164,2014-11,1
164,2014-12,3
164,2015-01,2
164,2015-04,2
164,2015-05,1
164,2015-06,1
164,2015-08,1
164,2015-11,1
164,2015-12,3
164,2016-01,2
164,2016-03,1
164,2016-04,1
164,2016-05,1
164,2016-06,1
164,2016-08,1
164,2016-11,1
164,2016-12,3
164,2017-01,2
164,2017-04,2
164,2017-05,1
164,2017-06,1
164,2017-08,1
164,2017-11,1
164,2017-12,3
165,2016-01,2
165,2016-03,1
165,2016-04,1
165,2016-05,1
165,2016-06,1
165,2016-08,1
165,2016-11,1
165,2016-12,3
165,2017-01,2
165,2017-04,2
165,2017-05,1
165,2017-06,1
165,2017-08,1
165,2017-11,1
165,2017-12,3
167,2016-01,2
167,2016-03,1
167,2016-04,1
167,2016-05,1
167,2016-06,1
167,2016-08,1
167,2016-11,1
167,2016-12,3
167,2017-01,2
167,2017-04,2
167,2017-05,1
167,2017-06,1
167,2017-08,1
167,2017-11,1
167,2017-12,3
169,2016-01,2
169,2016-03,1
169,2016-04,1
169,2016-05,1
169,2016-06,1
169,2016-08,1
169,2016-11,1
169,2016-12,3
169,2017-01,2
169,2017-04,2
169,2017-05,1
169,2017-06,1
169,2017-08,1
169,2017-11,1
169,2017-12,3
170,2016-01,2
170,2016-03,1
170,2016-04,1
170,2016-05,1
170,2016-06,1
170,2016-08,1
170,2016-11,1
170,2016-12,3
170,2017-01,2
170,2017-04,2
170,2017-05,1
170,2017-06,1
170,2017-08,1
170,2017-11,1
170,2017-12,3
171,2016-01,2
171,2016-03,1
171,2016-04,1
171,2016-05,1
171,2016-06,1
171,2016-08,1
171,2016-11,1
171,2016-12,3
171,2017-01,2
171,2017-04,2
171,2017-05,1
171,2017-06,1
171,2017-08,1
171,2017-11,1
171,2017-12,3
172,2016-01,2
172,2016-03,1
172,2016-04,1
172,2016-05,1
172,2016-06,1
172,2016-08,1
172,2016-11,1
172,2016-12,3
172,2017-01,2
172,2017-04,2
172,2017-05,1
172,2017-06,1
172,2017-08,1
172,2017-11,1
172,2017-12,3
173,2016-01,2
173,2016-03,1
173,2016-04,1
173,2016-05,1
173,2016-06,1
173,2016-08,1
173,2016-11,1
173,2016-12,3
173,2017-01,2
173,2017-04,2
173,2017-05,1
173,2017-06,1
173,2017-08,1
173,2017-11,1
173,2017-12,3
174,2016-01,2
174,2016-03,1
174,2016-04,1
174,2016-05,1
174,2016-06,1
174,2016-08,1
174,2016-11,1
174,2016-12,3
174,2017-01,2
174,2017-04,2
174,2017-05,1
174,2017-06,1
174,2017-08,1
174,2017-11,1
174,2017-12,3
175,2016-01,2
175,2016-03,1
175,2016-04,1
175,2016-05,1
175,2016-06,1
175,2016-08,1
175,2016-11,1
175,2016-12,3
175,2017-01,2
175,2017-04,2
175,2017-05,1
175,2017-06,1
175,2017-08,1
175,2017-11,1
175,2017-12,3
176,2016-01,2
176,2016-03,1
176,2016-04,1
176,2016-05,1
176,2016-06,1
176,2016-08,1
176,2016-11,1
176,2016-12,3
176,2017-01,2
176,2017-04,2
176,2017-05,1
176,2017-06,1
176,2017-08,1
176,2017-11,1
176,2017-12,3
177,2016-01,2
177,2016-03,1
177,2016-04,1
177,2016-05,1
177,2016-06,1
177,2016-08,1
177,2016-11,1
177,2016-12,3
177,2017-01,2
177,2017-04,2
177,2017-05,1
177,2017-06,1
177,2017-08,1
177,2017-11,1
177,2017-12,3
178,2016-01,2
178,2016-03,1
178,2016-04,1
178,2016-05,1
178,2016-06,1
178,2016-08,1
178,2016-11,1
178,2016-12,3
178,2017-01,2
178,2017-04,2
178,2017-05,1
178,2017-06,1
178,2017-08,1
178,2017-11,1
178,2017-12,3
180,2015-01,2
180,2015-04,2
180,2015-05,1
180,2015-06,1
180,2015-08,1
180,2015-11,1
180,2015-12,3
180,2016-01,2
180,2016-03,1
180,2016-04,1
180,2016-05,1
180,2016-06,1
180,2016-08,1
180,2016-11,1
180,2016-12,3
180,2017-01,2
180,2017-04,2
180,2017-05,1
180,2017-06,1
180,2017-08,1
180,2017-11,1
180,2017-12,3
181,2015-01,2
181,2015-04,2
181,2015-05,1
181,2015-06,1
181,2015-08,1
181,2015-11,1
181,2015-12,3
181,2016-01,2
181,2016-03,1
181,2016-04,1
181,2016-05,1
181,2016-06,1
181,2016-08,1
181,2016-11,1
181,2016-12,3
181,2017-01,2
181,2017-04,2
181,2017-05,1
181,2017-06,1
181,2017-08,1
181,2017-11,1
181,2017-12,3
182,2015-01,2
182,2015-04,2
182,2015-05,1
182,2015-06,1
182,2015-08,1
182,2015-11,1
182,2015-12,3
182,2016-01,2
182,2016-03,1
182,2016-04,1
182,2016-05,1
182,2016-06,1
182,2016-08,1
182,2016-11,1
182,2016-12,3
182,2017-01,2
182,2017-04,2
182,2017-05,1
182,2017-06,1
182,2017-08,1
182,2017-11,1
182,2017-12,3
183,2015-01,2
183,2015-04,2
183,2015-05,1
183,2015-06,1
183,2015-08,1
183,2015-11,1
183,2015-12,3
183,2016-01,2
183,2016-03,1
183,2016-04,1
183,2016-05,1
183,2016-06,1
183,2016-08,1
183,2016-11,1
183,2016-12,3
183,2017-01,2
183,2017-04,2
183,2017-05,1
183,2017-06,1
183,2017-08,1
183,2017-11,1
183,2017-12,3
184,2015-01,2
184,2015-04,2
184,2015-05,1
184,2015-06,1
184,2015-08,1
184,2015-11,1
184,2015-12,3
184,2016-01,2
184,2016-03,1
184,2016-04,1
184,2016-05,1
184,2016-06,1
184,2016-08,1
184,2016-11,1
184,2016-12,3
184,2017-01,2
184,2017-04,2
184,2017-05,1
184,2017-06,1
184,2017-08,1
184,2017-11,1
184,2017-12,3
185,2015-01,2
185,2015-04,2
185,2015-05,1
185,2015-06,1
185,2015-08,1
185,2015-11,1
185,2015-12,3
185,2016-01,2
185,2016-03,1
185,2016-04,1
185,2016-05,1
185,2016-06,1
185,2016-08,1
185,2016-11,1
185,2016-12,3
185,2017-01,2
185,2017-04,2
185,2017-05,1
185,2017-06,1
185,2017-08,1
185,2017-11,1
185,2017-12,3
186,2015-01,2
186,2015-04,2
186,2015-05,1
186,2015-06,1
186,2015-08,1
186,2015-11,1
186,2015-12,3
186,2016-01,2
186,2016-03,1
186,2016-04,1
186,2016-05,1
186,2016-06,1
186,2016-08,1
186,2016-11,1
186,2016-12,3
186,2017-01,2
186,2017-04,2
186,2017-05,1
186,2017-06,1
186,2017-08,1
186,2017-11,1
186,2017-12,3
189,2014-01,1
189,2014-03,1
189,2014-04,5
189,2014-05,2
189,2014-06,1
189,2014-08,1
189,2014-09,1
189,2014-12,4
189,2015-01,1
189,2015-03,1
189,2015-04,4
189,2015-05,1
189,2015-06,1
189,2015-08,2
189,2015-09,1
189,2015-12,4
189,2016-01,1
189,2016-03,4
189,2016-04,1
189,2016-05,2
189,2016-06,1
189,2016-08,2
189,2016-09,1
189,2016-12,5
189,2017-01,2
189,2017-03,1
189,2017-04,4
189,2017-05,1
189,2017-06,1
189,2017-08,1
189,2017-09,2
189,2017-12,4
190,2014-01,1
190,2014-03,1
190,2014-04,5
190,2014-05,2
190,2014-06,1
190,2014-08,1
190,2014-09,1
190,2014-12,4
190,2015-01,1
190,2015-03,1
190,2015-04,4
190,2015-05,1
190,2015-06,1
190,2015-08,2
190,2015-09,1
190,2015-12,4
190,2016-01,1
190,2016-03,4
190,2016-04,1
190,2016-05,2
190,2016-06,1
190,2016-08,2
190,2016-09,1
190,2016-12,5
190,2017-01,2
190,2017-03,1
190,2017-04,4
190,2017-05,1
190,2017-06,1
190,2017-08,1
190,2017-09,2
190,2017-12,4
191,2014-01,1
191,2014-03,1
191,2014-04,5
191,2014-05,2
191,2014-06,1
191,2014-08,1
191,2014-09,1
191,2014-12,4
191,2015-01,1
191,2015-03,1
191,2015-04,4
191,2015-05,1
191,2015-06,1
191,2015-08,2
191,2015-09,1
191,2015-12,4
192,2014-01,1
192,2014-03,1
192,2014-04,5
192,2014-05,2
192,2014-06,1
192,2014-08,1
192,2014-09,1
192,2014-12,4
192,2015-01,1
192,2015-03,1
192,2015-04,4
192,2015-05,1
192,2015-06,1
192,2015-08,2
192,2015-09,1
192,2015-12,4
192,2016-01,1
192,2016-03,4
192,2016-04,1
192,2016-05,2
192,2016-06,1
192,2016-08,2
192,2016-09,1
192,2016-12,5
192,2017-01,2
192,2017-03,1
192,2017-04,4
192,2017-05,1
192,2017-06,1
192,2017-08,1
192,2017-09,2
192,2017-12,4
193,2014-01,1
193,2014-03,1
193,2014-04,5
193,2014-05,2
193,2014-06,1
193,2014-08,1
193,2014-09,1
193,2014-12,4
193,2015-01,1
193,2015-03,1
193,2015-04,4
193,2015-05,1
193,2015-06,1
193,2015-08,2
193,2015-09,1
193,2015-12,4
193,2016-01,1
193,2016-03,4
193,2016-04,1
193,2016-05,2
193,2016-06,1
193,2016-08,2
193,2016-09,1
193,2016-12,5
193,2017-01,2
193,2017-03,1
193,2017-04,4
193,2017-05,1
193,2017-06,1
193,2017-08,1
193,2017-09,2
193,2017-12,4
194,2014-01,1
194,2014-03,1
194,2014-04,5
194,2014-05,2
194,2014-06,1
194,2014-08,1
194,2014-09,1
194,2014-12,4
194,2015-01,1
194,2015-03,1
194,2015-04,4
194,2015-05,1
194,2015-06,1
194,2015-08,2
194,2015-09,1
194,2015-12,4
194,2016-01,1
194,2016-03,4
194,2016-04,1
194,2016-05,2
194,2016-06,1
194,2016-08,2
194,2016-09,1
194,2016-12,5
194,2017-01,2
194,2017-03,1
194,2017-04,4
194,2017-05,1
194,2017-06,1
194,2017-08,1
194,2017-09,2
194,2017-12,4
195,2014-01,1
195,2014-03,1
195,2014-04,5
195,2014-05,2
195,2014-06,1
195,2014-08,1
195,2014-09,1
195,2014-12,4
195,2015-01,1
195,2015-03,1
195,2015-04,4
195,2015-05,1
195,2015-06,1
195,2015-08,2
195,2015-09,1
195,2015-12,4
195,2016-01,1
195,2016-03,4
195,2016-04,1
195,2016-05,2
195,2016-06,1
195,2016-08,2
195,2016-09,1
195,2016-12,5
196,2014-01,1
196,2014-03,1
196,2014-04,5
196,2014-05,2
196,2014-06,1
196,2014-08,1
196,2014-09,1
196,2014-12,4
196,2015-01,1
196,2015-03,1
196,2015-04,4
196,2015-05,1
196,2015-06,1
196,2015-08,2
196,2015-09,1
196,2015-12,4
196,2016-01,1
196,2016-03,4
196,2016-04,1
196,2016-05,2
196,2016-06,1
196,2016-08,2
196,2016-09,1
196,2016-12,5
197,2014-01,1
197,2014-03,1
197,2014-04,5
197,2014-05,2
197,2014-06,1
197,2014-08,1
197,2014-09,1
197,2014-12,4
197,2015-01,1
197,2015-03,1
197,2015-04,4
197,2015-05,1
197,2015-06,1
197,2015-08,2
197,2015-09,1
197,2015-12,4
197,2016-01,1
197,2016-03,4
197,2016-04,1
197,2016-05,2
197,2016-06,1
197,2016-08,2
197,2016-09,1
197,2016-12,5
198,2014-01,1
198,2014-03,1
198,2014-04,5
198,2014-05,2
198,2014-06,1
198,2014-08,1
198,2014-09,1
198,2014-12,4
198,2015-01,1
198,2015-03,1
198,2015-04,4
198,2015-05,1
198,2015-06,1
198,2015-08,2
198,2015-09,1
198,2015-12,4
198,2016-01,1
198,2016-03,4
198,2016-04,1
198,2016-05,2
198,2016-06,1
198,2016-08,2
198,2016-09,1
198,2016-12,5
199,2014-01,1
199,2014-03,1
199,2014-04,5
199,2014-05,2
199,2014-06,1
199,2014-08,1
199,2014-09,1
199,2014-12,4
199,2015-01,1
199,2015-03,1
199,2015-04,4
199,2015-05,1
199,2015-06,1
199,2015-08,2
199,2015-09,1
199,2015-12,4
199,2016-01,1
199,2016-03,4
199,2016-04,1
199,2016-05,2
199,2016-06,1
199,2016-08,2
199,2016-09,1
199,2016-12,5
200,2014-01,1
200,2014-03,1
200,2014-04,5
200,2014-05,2
200,2014-06,1
200,2014-08,1
200,2014-09,1
200,2014-12,4
200,2015-01,1
200,2015-03,1
200,2015-04,4
200,2015-05,1
200,2015-06,1
200,2015-08,2
200,2015-09,1
200,2015-12,4
200,2016-01,1
200,2016-03,4
200,2016-04,1
200,2016-05,2
200,2016-06,1
200,2016-08,2
200,2016-09,1
200,2016-12,5
201,2014-01,1
201,2014-03,1
201,2014-04,5
201,2014-05,2
201,2014-06,1
201,2014-08,1
201,2014-09,1
201,2014-12,4
201,2015-01,1
201,2015-03,1
201,2015-04,4
201,2015-05,1
201,2015-06,1
201,2015-08,2
201,2015-09,1
201,2015-12,4
201,2016-01,1
201,2016-03,4
201,2016-04,1
201,2016-05,2
201,2016-06,1
201,2016-08,2
201,2016-09,1
201,2016-12,5
202,2014-01,1
202,2014-03,1
202,2014-04,5
202,2014-05,2
202,2014-06,1
202,2014-08,1
202,2014-09,1
202,2014-12,4
202,2015-01,1
202,2015-03,1
202,2015-04,4
202,2015-05,1
202,2015-06,1
202,2015-08,2
202,2015-09,1
202,2015-12,4
202,2016-01,1
202,2016-03,4
202,2016-04,1
202,2016-05,2
202,2016-06,1
202,2016-08,2
202,2016-09,1
202,2016-12,5
203,2014-01,1
203,2014-03,1
203,2014-04,5
203,2014-05,2
203,2014-06,1
203,2014-08,1
203,2014-09,1
203,2014-12,4
203,2015-01,1
203,2015-03,1
203,2015-04,4
203,2015-05,1
203,2015-06,1
203,2015-08,2
203,2015-09,1
203,2015-12,4
203,2016-01,1
203,2016-03,4
203,2016-04,1
203,2016-05,2
203,2016-06,1
203,2016-08,2
203,2016-09,1
203,2016-12,5
204,2014-01,1
204,2014-03,1
204,2014-04,5
204,2014-05,2
204,2014-06,1
204,2014-08,1
204,2014-09,1
204,2014-12,4
204,2015-01,1
204,2015-03,1
204,2015-04,4
204,2015-05,1
204,2015-06,1
204,2015-08,2
204,2015-09,1
204,2015-12,4
205,2014-01,1
205,2014-03,1
205,2014-04,5
205,2014-05,2
205,2014-06,1
205,2014-08,1
205,2014-09,1
205,2014-12,4
205,2015-01,1
205,2015-03,1
205,2015-04,4
205,2015-05,1
205,2015-06,1
205,2015-08,2
205,2015-09,1
205,2015-12,4
205,2016-01,1
205,2016-03,4
205,2016-04,1
205,2016-05,2
205,2016-06,1
205,2016-08,2
205,2016-09,1
205,2016-12,5
206,2014-01,1
206,2014-03,1
206,2014-04,5
206,2014-05,2
206,2014-06,1
206,2014-08,1
206,2014-09,1
206,2014-12,4
206,2015-01,1
206,2015-03,1
206,2015-04,4
206,2015-05,1
206,2015-06,1
206,2015-08,2
206,2015-09,1
206,2015-12,4
206,2016-01,1
206,2016-03,4
206,2016-04,1
206,2016-05,2
206,2016-06,1
206,2016-08,2
206,2016-09,1
206,2016-12,5
207,2014-01,1
207,2014-03,1
207,2014-04,5
207,2014-05,2
207,2014-06,1
207,2014-08,1
207,2014-09,1
207,2014-12,4
207,2015-01,1
207,2015-03,1
207,2015-04,4
207,2015-05,1
207,2015-06,1
207,2015-08,2
207,2015-09,1
207,2015-12,4
207,2016-01,1
207,2016-03,4
207,2016-04,1
207,2016-05,2
207,2016-06,1
207,2016-08,2
207,2016-09,1
207,2016-12,5
207,2017-01,2
207,2017-03,1
207,2017-04,4
207,2017-05,1
207,2017-06,1
207,2017-08,1
207,2017-09,2
207,2017-12,4
208,2015-01,1
208,2015-03,1
208,2015-04,4
208,2015-05,1
208,2015-06,1
208,2015-08,2
208,2015-09,1
208,2015-12,4
208,2016-01,1
208,2016-03,4
208,2016-04,1
208,2016-05,2
208,2016-06,1
208,2016-08,2
208,2016-09,1
208,2016-12,5
208,2017-01,2
208,2017-03,1
208,2017-04,4
208,2017-05,1
208,2017-06,1
208,2017-08,1
208,2017-09,2
208,2017-12,4
209,2014-01,1
209,2014-03,1
209,2014-04,5
209,2014-05,2
209,2014-06,1
209,2014-08,1
209,2014-09,1
209,2014-12,4
209,2015-01,1
209,2015-03,1
209,2015-04,4
209,2015-05,1
209,2015-06,1
209,2015-08,2
209,2015-09,1
209,2015-12,4
209,2016-01,1
209,2016-03,4
209,2016-04,1
209,2016-05,2
209,2016-06,1
209,2016-08,2
209,2016-09,1
209,2016-12,5
210,2014-01,1
210,2014-03,1
210,2014-04,5
210,2014-05,2
210,2014-06,1
210,2014-08,1
210,2014-09,1
210,2014-12,4
210,2015-01,1
210,2015-03,1
210,2015-04,4
210,2015-05,1
210,2015-06,1
210,2015-08,2
210,2015-09,1
210,2015-12,4
210,2016-01,1
210,2016-03,4
210,2016-04,1
210,2016-05,2
210,2016-06,1
210,2016-08,2
210,2016-09,1
210,2016-12,5
211,2014-01,1
211,2014-03,1
211,2014-04,5
211,2014-05,2
211,2014-06,1
211,2014-08,1
211,2014-09,1
211,2014-12,4
211,2015-01,1
211,2015-03,1
211,2015-04,4
211,2015-05,1
211,2015-06,1
211,2015-08,2
211,2015-09,1
211,2015-12,4
211,2016-01,1
211,2016-03,4
211,2016-04,1
211,2016-05,2
211,2016-06,1
211,2016-08,2
211,2016-09,1
211,2016-12,5
212,2014-01,1
212,2014-03,1
212,2014-04,5
212,2014-05,2
212,2014-06,1
212,2014-08,1
212,2014-09,1
212,2014-12,4
212,2015-01,1
212,2015-03,1
212,2015-04,4
212,2015-05,1
212,2015-06,1
212,2015-08,2
212,2015-09,1
212,2015-12,4
212,2016-01,1
212,2016-03,4
212,2016-04,1
212,2016-05,2
212,2016-06,1
212,2016-08,2
212,2016-09,1
212,2016-12,5
212,2017-01,2
212,2017-03,1
212,2017-04,4
212,2017-05,1
212,2017-06,1
212,2017-08,1
212,2017-09,2
212,2017-12,4
213,2014-01,1
213,2014-03,1
213,2014-04,5
213,2014-05,2
213,2014-06,1
213,2014-08,1
213,2014-09,1
213,2014-12,4
213,2015-01,1
213,2015-03,1
213,2015-04,4
213,2015-05,1
213,2015-06,1
213,2015-08,2
213,2015-09,1
213,2015-12,4
213,2016-01,1
213,2016-03,4
213,2016-04,1
213,2016-05,2
213,2016-06,1
213,2016-08,2
213,2016-09,1
213,2016-12,5
213,2017-01,2
213,2017-03,1
213,2017-04,4
213,2017-05,1
213,2017-06,1
213,2017-08,1
213,2017-09,2
213,2017-12,4
215,2016-01,2
215,2016-03,1
215,2016-04,1
215,2016-05,1
215,2016-06,1
215,2016-08,1
215,2016-11,1
215,2016-12,3
215,2017-01,2
215,2017-04,2
215,2017-05,1
215,2017-06,1
215,2017-08,1
215,2017-11,1
215,2017-12,3
216,2016-01,2
216,2016-03,1
216,2016-04,1
216,2016-05,1
216,2016-06,1
216,2016-08,1
216,2016-11,1
216,2016-12,3
216,2017-01,2
216,2017-04,2
216,2017-05,1
216,2017-06,1
216,2017-08,1
216,2017-11,1
216,2017-12,3
217,2016-01,2
217,2016-03,1
217,2016-04,1
217,2016-05,1
217,2016-06,1
217,2016-08,1
217,2016-11,1
217,2016-12,3
217,2017-01,2
217,2017-04,2
217,2017-05,1
217,2017-06,1
217,2017-08,1
217,2017-11,1
217,2017-12,3
218,2016-01,2
218,2016-03,1
218,2016-04,1
218,2016-05,1
218,2016-06,1
218,2016-08,1
218,2016-11,1
218,2016-12,3
218,2017-01,2
218,2017-04,2
218,2017-05,1
218,2017-06,1
218,2017-08,1
218,2017-11,1
218,2017-12,3
221,2015-01,2
221,2015-04,2
221,2015-05,1
221,2015-06,1
221,2015-08,1
221,2015-11,1
221,2015-12,3
221,2016-01,2
221,2016-03,1
221,2016-04,1
221,2016-05,1
221,2016-06,1
221,2016-08,1
221,2016-11,1
221,2016-12,3
221,2017-01,2
221,2017-04,2
221,2017-05,1
221,2017-06,1
221,2017-08,1
221,2017-11,1
221,2017-12,3
222,2016-01,2
222,2016-03,1
222,2016-04,1
222,2016-05,1
222,2016-06,1
222,2016-08,1
222,2016-11,1
222,2016-12,3
222,2017-01,2
222,2017-04,2
222,2017-05,1
222,2017-06,1
222,2017-08,1
222,2017-11,1
222,2017-12,3
223,2016-01,2
223,2016-03,1
223,2016-04,1
223,2016-05,1
223,2016-06,1
223,2016-08,1
223,2016-11,1
223,2016-12,3
223,2017-01,2
223,2017-04,2
223,2017-05,1
223,2017-06,1
223,2017-08,1
223,2017-11,1
223,2017-12,3
224,2016-01,2
224,2016-03,1
224,2016-04,1
224,2016-05,1
224,2016-06,1
224,2016-08,1
224,2016-11,1
224,2016-12,3
224,2017-01,2
224,2017-04,2
224,2017-05,1
224,2017-06,1
224,2017-08,1
224,2017-11,1
224,2017-12,3
225,2016-01,2
225,2016-03,1
225,2016-04,1
225,2016-05,1
225,2016-06,1
225,2016-08,1
225,2016-11,1
225,2016-12,3
225,2017-01,2
225,2017-04,2
225,2017-05,1
225,2017-06,1
225,2017-08,1
225,2017-11,1
225,2017-12,3
226,2016-01,2
226,2016-03,1
226,2016-04,1
226,2016-05,1
226,2016-06,1
226,2016-08,1
226,2016-11,1
226,2016-12,3
226,2017-01,2
226,2017-04,2
226,2017-05,1
226,2017-06,1
226,2017-08,1
226,2017-11,1
226,2017-12,3
227,2016-01,2
227,2016-03,1
227,2016-04,1
227,2016-05,1
227,2016-06,1
227,2016-08,1
227,2016-11,1
227,2016-12,3
227,2017-01,2
227,2017-04,2
227,2017-05,1
227,2017-06,1
227,2017-08,1
227,2017-11,1
227,2017-12,3
228,2016-01,2
228,2016-03,1
228,2016-04,1
228,2016-05,1
228,2016-06,1
228,2016-08,1
228,2016-11,1
228,2016-12,3
228,2017-01,2
228,2017-04,2
228,2017-05,1
228,2017-06,1
228,2017-08,1
228,2017-11,1
228,2017-12,3
229,2016-01,2
229,2016-03,1
229,2016-04,1
229,2016-05,1
229,2016-06,1
229,2016-08,1
229,2016-11,1
229,2016-12,3
229,2017-01,2
229,2017-04,2
229,2017-05,1
229,2017-06,1
229,2017-08,1
229,2017-11,1
229,2017-12,3
230,2016-01,2
230,2016-03,3
230,2016-05,4
230,2016-08,1
230,2016-12,2
230,2017-01,2
230,2017-04,3
230,2017-05,2
230,2017-06,2
230,2017-08,1
230,2017-12,2
231,2014-01,2
231,2014-04,1
231,2014-05,1
231,2014-08,1
231,2014-10,1
231,2014-11,1
231,2014-12,3
231,2015-01,2
231,2015-04,1
231,2015-05,1
231,2015-08,1
231,2015-10,1
231,2015-11,1
231,2015-12,3
231,2016-01,2
231,2016-03,1
231,2016-05,1
231,2016-08,1
231,2016-10,1
231,2016-11,1
231,2016-12,3
237,2013-01,3
237,2013-03,1
237,2013-04,1
237,2013-05,2
237,2013-07,1
237,2013-08,1
237,2013-09,2
237,2013-11,2
237,2013-12,3
237,2014-01,3
237,2014-04,2
237,2014-05,2
237,2014-07,1
237,2014-08,1
237,2014-09,2
237,2014-11,2
237,2014-12,3
237,2015-01,3
237,2015-04,2
237,2015-05,2
237,2015-07,1
237,2015-08,1
237,2015-09,2
237,2015-11,2
237,2015-12,3
237,2016-01,3
237,2016-03,2
237,2016-05,2
237,2016-07,1
237,2016-08,1
237,2016-09,2
237,2016-11,2
237,2016-12,3
237,2017-01,3
237,2017-04,2
237,2017-05,2
237,2017-07,1
237,2017-08,1
237,2017-09,2
237,2017-11,2
237,2017-12,3
238,2016-01,2
238,2016-03,1
238,2016-04,1
238,2016-05,1
238,2016-06,1
238,2016-08,1
238,2016-11,1
238,2016-12,3
238,2017-01,2
238,2017-04,2
238,2017-05,1
238,2017-06,1
238,2017-08,1
238,2017-11,1
238,2017-12,3
239,2014-01,2
239,2014-04,1
239,2014-05,1
239,2014-08,1
239,2014-10,1
239,2014-11,1
239,2014-12,3
239,2015-01,2
239,2015-04,1
239,2015-05,1
239,2015-08,1
239,2015-10,1
239,2015-11,1
239,2015-12,3
239,2016-01,2
239,2016-03,1
239,2016-05,1
239,2016-08,1
239,2016-10,1
239,2016-11,1
239,2016-12,3
239,2017-01,2
239,2017-04,1
239,2017-05,1
239,2017-08,1
239,2017-10,1
239,2017-11,1
239,2017-12,3
240,2016-01,2
240,2016-03,3
240,2016-05,4
240,2016-08,1
240,2016-12,2
240,2017-01,2
240,2017-04,3
240,2017-05,2
240,2017-06,2
240,2017-08,1
240,2017-12,2
241,2013-01,1
241,2013-02,1
241,2013-03,2
241,2013-04,1
241,2013-05,1
241,2013-06,1
241,2013-08,1
241,2013-12,2
241,2014-01,1
241,2014-03,1
241,2014-04,3
241,2014-05,1
241,2014-06,1
241,2014-08,1
241,2014-12,2
241,2015-01,1
241,2015-02,1
241,2015-04,3
241,2015-05,1
241,2015-06,1
241,2015-08,1
241,2015-12,2
241,2016-01,1
241,2016-02,1
241,2016-03,2
241,2016-04,1
241,2016-05,1
241,2016-06,1
241,2016-08,1
241,2016-12,2
241,2017-01,1
241,2017-02,1
241,2017-04,3
241,2017-05,1
241,2017-06,1
241,2017-08,1
241,2017-12,2
243,2016-01,2
243,2016-03,1
243,2016-04,1
243,2016-05,1
243,2016-06,1
243,2016-08,1
243,2016-11,1
243,2016-12,3
243,2017-01,2
243,2017-04,2
243,2017-05,1
243,2017-06,1
243,2017-08,1
243,2017-11,1
243,2017-12,3
244,2016-01,2
244,2016-03,1
244,2016-04,1
244,2016-05,1
244,2016-06,1
244,2016-08,1
244,2016-11,1
244,2016-12,3
244,2017-01,2
244,2017-04,2
244,2017-05,1
244,2017-06,1
244,2017-08,1
244,2017-11,1
244,2017-12,3
245,2016-01,2
245,2016-03,1
245,2016-04,1
245,2016-05,1
245,2016-06,1
245,2016-08,1
245,2016-11,1
245,2016-12,3
245,2017-01,2
245,2017-04,2
245,2017-05,1
245,2017-06,1
245,2017-08,1
245,2017-11,1
245,2017-12,3
246,2016-01,2
246,2016-03,1
246,2016-04,1
246,2016-05,1
246,2016-06,1
246,2016-08,1
246,2016-11,1
246,2016-12,3
246,2017-01,2
246,2017-04,2
246,2017-05,1
246,2017-06,1
246,2017-08,1
246,2017-11,1
246,2017-12,3
247,2016-01,2
247,2016-03,1
247,2016-04,1
247,2016-05,1
247,2016-06,1
247,2016-08,1
247,2016-11,1
247,2016-12,3
247,2017-01,2
247,2017-04,2
247,2017-05,1
247,2017-06,1
247,2017-08,1
247,2017-11,1
247,2017-12,3
248,2016-01,2
248,2016-03,1
248,2016-04,1
248,2016-05,1
248,2016-06,1
248,2016-08,1
248,2016-11,1
248,2016-12,3
248,2017-01,2
248,2017-04,2
248,2017-05,1
248,2017-06,1
248,2017-08,1
248,2017-11,1
248,2017-12,3
249,2016-01,2
249,2016-03,1
249,2016-04,1
249,2016-05,1
249,2016-06,1
249,2016-08,1
249,2016-11,1
249,2016-12,3
249,2017-01,2
249,2017-04,2
249,2017-05,1
249,2017-06,1
249,2017-08,1
249,2017-11,1
249,2017-12,3
250,2014-01,1
250,2014-03,1
250,2014-04,5
250,2014-05,2
250,2014-06,1
250,2014-08,1
250,2014-09,1
250,2014-12,4
250,2015-01,1
250,2015-03,1
250,2015-04,4
250,2015-05,1
250,2015-06,1
250,2015-08,2
250,2015-09,1
250,2015-12,4
250,2016-01,1
250,2016-03,4
250,2016-04,1
250,2016-05,2
250,2016-06,1
250,2016-08,2
250,2016-09,1
250,2016-12,5
250,2017-01,2
250,2017-03,1
250,2017-04,4
250,2017-05,1
250,2017-06,1
250,2017-08,1
250,2017-09,2
250,2017-12,4
251,2016-01,2
251,2016-03,1
251,2016-04,1
251,2016-05,1
251,2016-06,1
251,2016-08,1
251,2016-11,1
251,2016-12,3
251,2017-01,2
251,2017-04,2
251,2017-05,1
251,2017-06,1
251,2017-08,1
251,2017-11,1
251,2017-12,3
252,2016-01,2
252,2016-03,1
252,2016-04,1
252,2016-05,1
252,2016-06,1
252,2016-08,1
252,2016-11,1
252,2016-12,3
252,2017-01,2
252,2017-04,2
252,2017-05,1
252,2017-06,1
252,2017-08,1
252,2017-11,1
252,2017-12,3
253,2016-01,2
253,2016-03,1
253,2016-04,1
253,2016-05,1
253,2016-06,1
253,2016-08,1
253,2016-11,1
253,2016-12,3
253,2017-01,2
253,2017-04,2
253,2017-05,1
253,2017-06,1
253,2017-08,1
253,2017-11,1
253,2017-12,3
254,2016-01,2
254,2016-03,1
254,2016-04,1
254,2016-05,1
254,2016-06,1
254,2016-08,1
254,2016-11,1
254,2016-12,3
254,2017-01,2
254,2017-04,2
254,2017-05,1
254,2017-06,1
254,2017-08,1
254,2017-11,1
254,2017-12,3
255,2016-01,2
255,2016-03,1
255,2016-04,1
255,2016-05,1
255,2016-06,1
255,2016-08,1
255,2016-11,1
255,2016-12,3
255,2017-01,2
255,2017-04,2
255,2017-05,1
255,2017-06,1
255,2017-08,1
255,2017-11,1
255,2017-12,3
256,2016-01,2
256,2016-03,1
256,2016-04,1
256,2016-05,1
256,2016-06,1
256,2016-08,1
256,2016-11,1
256,2016-12,3
256,2017-01,2
256,2017-04,2
256,2017-05,1
256,2017-06,1
256,2017-08,1
256,2017-11,1
256,2017-12,3
257,2016-01,2
257,2016-03,1
257,2016-04,1
257,2016-05,1
257,2016-06,1
257,2016-08,1
257,2016-11,1
257,2016-12,3
257,2017-01,2
257,2017-04,2
257,2017-05,1
257,2017-06,1
257,2017-08,1
257,2017-11,1
257,2017-12,3
259,2014-01,1
259,2014-03,1
259,2014-04,5
259,2014-05,2
259,2014-06,1
259,2014-08,1
259,2014-09,1
259,2014-12,4
259,2015-01,1
259,2015-03,1
259,2015-04,4
259,2015-05,1
259,2015-06,1
259,2015-08,2
259,2015-09,1
259,2015-12,4
259,2016-01,1
259,2016-03,4
259,2016-04,1
259,2016-05,2
259,2016-06,1
259,2016-08,2
259,2016-09,1
259,2016-12,5
259,2017-01,2
259,2017-03,1
259,2017-04,4
259,2017-05,1
259,2017-06,1
259,2017-08,1
259,2017-09,2
259,2017-12,4
260,2015-01,1
260,2015-04,1
260,2015-05,4
260,2015-07,1
260,2015-08,1
260,2015-11,2
260,2015-12,1
260,2016-01,1
260,2016-03,1
260,2016-05,4
260,2016-07,1
260,2016-08,1
260,2016-11,2
260,2016-12,1
260,2017-01,1
260,2017-04,1
260,2017-05,3
260,2017-06,1
260,2017-07,1
260,2017-08,1
260,2017-11,2
260,2017-12,1
267,2015-01,2
267,2015-02,1
267,2015-03,2
267,2015-04,3
267,2015-05,2
267,2015-06,1
267,2015-08,1
267,2015-10,1
267,2015-12,2
267,2016-01,2
267,2016-03,3
267,2016-04,1
267,2016-05,3
267,2016-06,2
267,2016-08,1
267,2016-10,1
267,2016-12,2
267,2017-01,2
267,2017-02,1
267,2017-03,2
267,2017-04,3
267,2017-05,1
267,2017-06,2
267,2017-08,1
267,2017-10,1
267,2017-12,2
283,2015-01,2
283,2015-04,3
283,2015-05,4
283,2015-08,1
283,2015-12,2
283,2016-01,2
283,2016-03,3
283,2016-05,4
283,2016-08,1
283,2016-12,2
283,2017-01,2
283,2017-04,3
283,2017-05,2
283,2017-06,2
283,2017-08,1
283,2017-12,2
284,2015-01,2
284,2015-04,2
284,2015-05,1
284,2015-06,1
284,2015-08,1
284,2015-11,1
284,2015-12,3
284,2016-01,2
284,2016-03,1
284,2016-04,1
284,2016-05,1
284,2016-06,1
284,2016-08,1
284,2016-11,1
284,2016-12,3
284,2017-01,2
284,2017-04,2
284,2017-05,1
284,2017-06,1
284,2017-08,1
284,2017-11,1
284,2017-12,3
285,2016-01,2
285,2016-03,1
285,2016-05,4
285,2016-08,1
285,2016-10,1
285,2016-11,1
285,2016-12,3
285,2017-01,2
285,2017-04,1
285,2017-05,2
285,2017-06,2
285,2017-08,1
285,2017-10,1
285,2017-11,1
285,2017-12,3
286,2014-01,2
286,2014-04,2
286,2014-05,1
286,2014-06,1
286,2014-08,1
286,2014-11,1
286,2014-12,3
286,2015-01,2
286,2015-04,2
286,2015-05,1
286,2015-06,1
286,2015-08,1
286,2015-11,1
286,2015-12,3
286,2016-01,2
286,2016-03,1
286,2016-04,1
286,2016-05,1
286,2016-06,1
286,2016-08,1
286,2016-11,1
286,2016-12,3
286,2017-01,2
286,2017-04,2
286,2017-05,1
286,2017-06,1
286,2017-08,1
286,2017-11,1
286,2017-12,3
287,2014-01,2
287,2014-04,2
287,2014-05,1
287,2014-06,1
287,2014-08,1
287,2014-11,1
287,2014-12,3
287,2015-01,2
287,2015-04,2
287,2015-05,1
287,2015-06,1
287,2015-08,1
287,2015-11,1
287,2015-12,3
287,2016-01,2
287,2016-03,1
287,2016-04,1
287,2016-05,1
287,2016-06,1
287,2016-08,1
287,2016-11,1
287,2016-12,3
287,2017-01,2
287,2017-04,2
287,2017-05,1
287,2017-06,1
287,2017-08,1
287,2017-11,1
287,2017-12,3
288,2016-01,2
288,2016-03,1
288,2016-05,1
288,2016-08,1
288,2016-10,1
288,2016-11,1
288,2016-12,3
288,2017-01,2
288,2017-04,1
288,2017-05,1
288,2017-08,1
288,2017-10,1
288,2017-11,1
288,2017-12,3
290,2009-01,2
290,2009-04,3
290,2009-05,3
290,2009-06,1
290,2009-08,1
290,2009-12,2
290,2010-01,2
290,2010-04,3
290,2010-05,4
290,2010-08,1
290,2010-12,2
290,2011-01,2
290,2011-04,3
290,2011-05,1
290,2011-06,3
290,2011-08,1
290,2011-12,2
290,2012-01,2
290,2012-04,3
290,2012-05,4
290,2012-08,1
290,2012-12,2
290,2013-01,2
290,2013-03,2
290,2013-04,1
290,2013-05,4
290,2013-08,1
290,2013-12,2
290,2014-01,2
290,2014-04,3
290,2014-05,2
290,2014-06,2
290,2014-08,1
290,2014-12,2
290,2015-01,2
290,2015-04,3
290,2015-05,4
290,2015-08,1
290,2015-12,2
290,2016-01,2
290,2016-03,3
290,2016-05,4
290,2016-08,1
290,2016-12,2
290,2017-01,2
290,2017-04,3
290,2017-05,2
290,2017-06,2
290,2017-08,1
290,2017-12,2
292,2015-01,1
292,2015-04,1
292,2015-05,4
292,2015-07,1
292,2015-08,1
292,2015-11,2
292,2015-12,1
292,2016-01,1
292,2016-03,1
292,2016-05,4
292,2016-07,1
292,2016-08,1
292,2016-11,2
292,2016-12,1
292,2017-01,1
292,2017-04,1
292,2017-05,3
292,2017-06,1
292,2017-07,1
292,2017-08,1
292,2017-11,2
292,2017-12,1
293,2015-01,1
293,2015-04,1
293,2015-05,4
293,2015-07,1
293,2015-08,1
293,2015-11,2
293,2015-12,1
293,2016-01,1
293,2016-03,1
293,2016-05,4
293,2016-07,1
293,2016-08,1
293,2016-11,2
293,2016-12,1
293,2017-01,1
293,2017-04,1
293,2017-05,3
293,2017-06,1
293,2017-07,1
293,2017-08,1
293,2017-11,2
293,2017-12,1
294,2015-01,1
294,2015-04,1
294,2015-05,4
294,2015-07,1
294,2015-08,1
294,2015-11,2
294,2015-12,1
294,2016-01,1
294,2016-03,1
294,2016-05,4
294,2016-07,1
294,2016-08,1
294,2016-11,2
294,2016-12,1
294,2017-01,1
294,2017-04,1
294,2017-05,3
294,2017-06,1
294,2017-07,1
294,2017-08,1
294,2017-11,2
294,2017-12,1
295,2015-01,1
295,2015-04,1
295,2015-05,4
295,2015-07,1
295,2015-08,1
295,2015-11,2
295,2015-12,1
295,2016-01,1
295,2016-03,1
295,2016-05,4
295,2016-07,1
295,2016-08,1
295,2016-11,2
295,2016-12,1
295,2017-01,1
295,2017-04,1
295,2017-05,3
295,2017-06,1
295,2017-07,1
295,2017-08,1
295,2017-11,2
295,2017-12,1
297,2009-01,2
297,2009-04,2
297,2009-05,1
297,2009-06,1
297,2009-08,1
297,2009-11,1
297,2009-12,3
297,2010-01,2
297,2010-04,2
297,2010-05,1
297,2010-06,1
297,2010-08,1
297,2010-11,1
297,2010-12,3
297,2011-01,2
297,2011-04,2
297,2011-05,1
297,2011-06,1
297,2011-08,1
297,2011-11,1
297,2011-12,3
297,2012-01,2
297,2012-04,2
297,2012-05,1
297,2012-06,1
297,2012-08,1
297,2012-11,1
297,2012-12,3
297,2013-01,2
297,2013-04,2
297,2013-05,1
297,2013-06,1
297,2013-08,1
297,2013-11,1
297,2013-12,3
297,2014-01,2
297,2014-04,2
297,2014-05,1
297,2014-06,1
297,2014-08,1
297,2014-11,1
297,2014-12,3
297,2015-01,2
297,2015-04,2
297,2015-05,1
297,2015-06,1
297,2015-08,1
297,2015-11,1
297,2015-12,3
297,2016-01,2
297,2016-03,1
297,2016-04,1
297,2016-05,1
297,2016-06,1
297,2016-08,1
297,2016-11,1
297,2016-12,3
297,2017-01,2
297,2017-04,2
297,2017-05,1
297,2017-06,1
297,2017-08,1
297,2017-11,1
297,2017-12,3
298,2014-01,2
298,2014-04,2
298,2014-05,1
298,2014-06,1
298,2014-08,1
298,2014-11,1
298,2014-12,3
298,2015-01,2
298,2015-04,2
298,2015-05,1
298,2015-06,1
298,2015-08,1
298,2015-11,1
298,2015-12,3
298,2016-01,2
298,2016-03,1
298,2016-04,1
298,2016-05,1
298,2016-06,1
298,2016-08,1
298,2016-11,1
298,2016-12,3
298,2017-01,2
298,2017-04,2
298,2017-05,1
298,2017-06,1
298,2017-08,1
298,2017-11,1
298,2017-12,3
299,2015-01,2
299,2015-04,2
299,2015-05,1
299,2015-06,1
299,2015-08,1
299,2015-11,1
299,2015-12,3
299,2016-01,2
299,2016-03,1
299,2016-04,1
299,2016-05,1
299,2016-06,1
299,2016-08,1
299,2016-11,1
299,2016-12,3
299,2017-01,2
299,2017-04,2
299,2017-05,1
299,2017-06,1
299,2017-08,1
299,2017-11,1
299,2017-12,3
300,2015-01,2
300,2015-04,2
300,2015-05,1
300,2015-06,1
300,2015-08,1
300,2015-11,1
300,2015-12,3
300,2016-01,2
300,2016-03,1
300,2016-04,1
300,2016-05,1
300,2016-06,1
300,2016-08,1
300,2016-11,1
300,2016-12,3
300,2017-01,2
300,2017-04,2
300,2017-05,1
300,2017-06,1
300,2017-08,1
300,2017-11,1
300,2017-12,3
301,2009-01,2
301,2009-04,3
301,2009-05,3
301,2009-06,1
301,2009-08,1
301,2009-12,2
301,2010-01,2
301,2010-04,3
301,2010-05,4
301,2010-08,1
301,2010-12,2
301,2011-01,2
301,2011-04,3
301,2011-05,1
301,2011-06,3
301,2011-08,1
301,2011-12,2
301,2012-01,2
301,2012-04,3
301,2012-05,4
301,2012-08,1
301,2012-12,2
301,2013-01,2
301,2013-03,2
301,2013-04,1
301,2013-05,4
301,2013-08,1
301,2013-12,2
301,2014-01,2
301,2014-04,3
301,2014-05,2
301,2014-06,2
301,2014-08,1
301,2014-12,2
301,2015-01,2
301,2015-04,3
301,2015-05,4
301,2015-08,1
301,2015-12,2
301,2016-01,2
301,2016-03,3
301,2016-05,4
301,2016-08,1
301,2016-12,2
301,2017-01,2
301,2017-04,3
301,2017-05,2
301,2017-06,2
301,2017-08,1
301,2017-12,2
302,2009-01,2
302,2009-04,3
302,2009-05,3
302,2009-06,1
302,2009-08,1
302,2009-12,2
302,2010-01,2
302,2010-04,3
302,2010-05,4
302,2010-08,1
302,2010-12,2
302,2011-01,2
302,2011-04,3
302,2011-05,1
302,2011-06,3
302,2011-08,1
302,2011-12,2
302,2012-01,2
302,2012-04,3
302,2012-05,4
302,2012-08,1
302,2012-12,2
302,2013-01,2
302,2013-03,2
302,2013-04,1
302,2013-05,4
302,2013-08,1
302,2013-12,2
302,2014-01,2
302,2014-04,3
302,2014-05,2
302,2014-06,2
302,2014-08,1
302,2014-12,2
302,2015-01,2
302,2015-04,3
302,2015-05,4
302,2015-08,1
302,2015-12,2
302,2016-01,2
302,2016-03,3
302,2016-05,4
302,2016-08,1
302,2016-12,2
302,2017-01,2
302,2017-04,3
302,2017-05,2
302,2017-06,2
302,2017-08,1
302,2017-12,2
303,2009-01,2
303,2009-04,3
303,2009-05,3
303,2009-06,1
303,2009-08,1
303,2009-12,2
303,2010-01,2
303,2010-04,3
303,2010-05,4
303,2010-08,1
303,2010-12,2
303,2011-01,2
303,2011-04,3
303,2011-05,1
303,2011-06,3
303,2011-08,1
303,2011-12,2
303,2012-01,2
303,2012-04,3
303,2012-05,4
303,2012-08,1
303,2012-12,2
303,2013-01,2
303,2013-03,2
303,2013-04,1
303,2013-05,4
303,2013-08,1
303,2013-12,2
303,2014-01,2
303,2014-04,3
303,2014-05,2
303,2014-06,2
303,2014-08,1
303,2014-12,2
303,2015-01,2
303,2015-04,3
303,2015-05,4
303,2015-08,1
303,2015-12,2
303,2016-01,2
303,2016-03,3
303,2016-05,4
303,2016-08,1
303,2016-12,2
303,2017-01,2
303,2017-04,3
303,2017-05,2
303,2017-06,2
303,2017-08,1
303,2017-12,2
304,2015-01,2
304,2015-04,2
304,2015-05,1
304,2015-06,1
304,2015-08,1
304,2015-11,1
304,2015-12,3
304,2016-01,2
304,2016-03,1
304,2016-04,1
304,2016-05,1
304,2016-06,1
304,2016-08,1
304,2016-11,1
304,2016-12,3
304,2017-01,2
304,2017-04,2
304,2017-05,1
304,2017-06,1
304,2017-08,1
304,2017-11,1
304,2017-12,3
305,2015-01,2
305,2015-04,2
305,2015-05,1
305,2015-06,1
305,2015-08,1
305,2015-11,1
305,2015-12,3
305,2016-01,2
305,2016-03,1
305,2016-04,1
305,2016-05,1
305,2016-06,1
305,2016-08,1
305,2016-11,1
305,2016-12,3
305,2017-01,2
305,2017-04,2
305,2017-05,1
305,2017-06,1
305,2017-08,1
305,2017-11,1
305,2017-12,3
